code,score,future_return
1301,0.01919,0.03963
1305,0.12489,-0.08315
1306,0.01384,-0.05965
1308,-0.04256,0.00901
1309,-0.02712,-0.05381
130A,-0.01617,0.07369
1311,-0.06112,-0.05671
1319,-0.01318,0.01045
131A,-0.01034,-0.05510
1320,0.07397,-0.09103
1321,-0.00775,-0.04006
1322,-0.01318,0.02013
1325,-0.06196,-0.08094
1326,-0.04879,-0.03148
1328,0.04430,0.04949
1329,0.05579,0.15826
132A,-0.05949,-0.05588
1330,0.01028,0.03416
1332,-0.05018,-0.08314
1333,-0.00969,-0.08948
133A,-0.04024,-0.08345
1343,0.00601,-0.00859
1345,0.02586,0.02033
1346,-0.05070,-0.00497
1348,-0.07344,-0.07718
1349,-0.04907,-0.08408
134A,-0.05323,-0.06132
1356,0.07358,0.16496
1357,-0.00110,0.05848
1358,-0.00598,-0.02041
135A,0.14500,-0.04331
1360,0.06838,0.05841
1364,-0.04372,-0.05600
1365,-0.00383,-0.01839
1366,-0.04264,-0.03108
1367,0.03243,0.07537
1368,-0.05186,-0.00112
1369,-0.02739,0.01995
136A,-0.13261,0.01911
1375,-0.02182,-0.04994
1376,0.03972,0.00977
1377,-0.04078,-0.02861
1379,-0.06120,0.03405
137A,-0.00132,0.04799
1380,0.06277,0.02413
1381,0.00916,0.02613
1382,0.04311,0.08520
1383,0.00127,-0.10416
1384,-0.01312,-0.01578
138A,0.00466,0.02570
1397,0.03007,0.05097
1398,-0.10437,0.05446
1399,0.05431,0.04339
139A,0.00269,-0.03933
1401,-0.00155,0.02058
1407,-0.07239,0.01026
140A,-0.00855,-0.05825
1414,-0.00793,-0.06112
1417,-0.02760,-0.03239
1418,-0.05449,-0.05616
1419,-0.03973,0.01676
141A,-0.01799,-0.01338
1420,-0.04389,-0.07080
1429,-0.13474,0.07981
142A,0.06350,-0.02315
1430,0.00391,0.01136
1431,-0.05395,-0.04501
1432,0.01084,0.03478
1433,-0.02917,-0.04372
1434,-0.05186,0.00382
1435,-0.02716,-0.02391
1436,-0.04167,0.01445
1438,-0.12170,0.13408
143A,0.00749,0.01891
1443,0.03183,0.05692
1444,0.04774,0.02818
1445,0.03459,0.05339
1446,0.02926,-0.01452
1447,0.00759,-0.02393
144A,-0.03036,0.01445
1450,-0.01609,0.00158
1452,0.03091,0.09371
1456,0.00440,0.00452
1457,0.06045,0.07214
1458,0.02939,0.02406
1459,-0.03695,-0.06454
145A,-0.01805,-0.03157
1466,-0.04031,0.02127
1469,0.05497,0.01631
146A,-0.00225,-0.03916
1472,0.10180,-0.09724
1473,-0.01275,-0.05568
1474,-0.03570,-0.02547
1475,-0.00424,0.01928
1476,0.14201,-0.08876
1477,-0.03720,0.02483
1478,-0.00098,-0.01576
1479,-0.02083,-0.02837
147A,0.03094,0.05875
1480,-0.03154,-0.07612
1481,0.04056,0.06810
1482,-0.03785,0.07170
1483,0.01061,-0.02256
1484,-0.04649,0.01615
1485,-0.00281,-0.01071
1486,-0.05366,-0.04901
1487,0.02227,0.07178
1488,-0.06069,-0.04306
1489,-0.00206,0.00802
148A,0.00139,-0.04676
1490,-0.11069,0.09409
1491,0.10868,-0.11082
1493,0.00286,-0.01868
1494,0.01896,0.01827
1495,-0.11682,0.11847
1496,0.04130,0.05804
1497,0.05822,0.07227
1498,-0.12409,0.07348
1499,0.00223,0.04856
149A,0.00016,0.00842
150A,0.03828,0.01615
1514,0.06319,0.05348
1515,0.07149,0.11603
1518,-0.01424,-0.04504
151A,0.04435,-0.01859
152A,-0.02400,0.04044
153A,-0.14658,0.01607
1540,-0.04439,-0.00956
1541,0.01291,0.00541
1542,-0.04861,-0.05547
1543,0.03709,0.03963
1545,-0.06427,-0.07203
1546,0.02189,0.01520
1547,0.05756,0.05954
154A,0.02263,0.09379
1550,-0.05455,-0.10969
1551,0.02899,0.00332
1554,0.01871,0.06495
1555,-0.00202,-0.07670
1557,-0.00055,0.03221
1559,-0.00829,-0.04125
155A,0.02358,0.08000
1560,-0.00407,0.00558
1563,-0.11825,0.11468
1566,0.12674,-0.08450
1568,-0.02325,-0.03854
1569,-0.01015,0.02411
156A,-0.04080,-0.05314
1570,-0.03549,0.02348
1571,0.02716,-0.07209
1572,-0.01070,-0.03600
1573,0.01901,0.01176
1577,-0.04566,-0.08379
1578,-0.07309,-0.09110
1579,0.07180,0.01583
157A,-0.02074,0.01588
1580,-0.01307,-0.07215
1585,-0.13968,0.07909
1586,-0.07799,-0.11257
158A,-0.00840,0.00834
1591,-0.00012,0.02060
1592,0.04331,0.09004
1593,-0.00289,0.03065
1595,0.03670,0.04011
1596,0.06697,0.08290
1597,0.04003,-0.00982
1599,-0.00922,0.00432
159A,0.00992,0.08548
1605,-0.08890,0.10308
160A,0.01839,-0.06043
1615,0.02486,0.05921
1617,-0.03791,0.02613
1618,-0.02032,-0.05453
1619,0.01593,-0.02630
161A,-0.01327,-0.03135
1620,0.03770,-0.04039
1621,0.02761,0.11193
1622,-0.05556,-0.06577
1623,0.03825,0.05227
1624,0.05769,0.11023
1625,-0.05454,-0.04472
1626,0.04147,0.08380
1627,-0.01204,-0.04897
1628,0.02997,0.04864
1629,-0.12522,0.06723
162A,-0.04611,0.01420
1630,0.01813,-0.02508
1631,0.01318,0.01680
1632,-0.01938,0.05141
1633,0.00941,0.02629
163A,0.00261,-0.04254
164A,-0.03500,-0.05271
1651,0.01016,0.00228
1652,0.04683,-0.01950
1653,-0.03866,-0.00105
1654,0.04137,0.09982
1655,-0.06858,-0.07906
1656,0.04064,0.07591
1657,0.12815,-0.00486
1658,0.01016,-0.03218
1659,0.02743,0.06741
1660,0.03819,-0.04387
1662,-0.02290,-0.00874
1663,-0.00923,-0.01295
166A,-0.01740,0.06138
1671,-0.00979,0.00328
1672,-0.00213,-0.01745
1673,-0.10295,0.09476
1674,-0.00709,0.02218
1675,-0.02653,-0.01997
1676,-0.04024,-0.04292
1677,0.01190,-0.10260
1678,0.15278,0.02171
1679,-0.01973,0.03940
167A,0.05992,-0.03984
1680,0.02752,0.02231
1681,-0.00749,0.00331
1684,-0.05840,-0.09224
1685,-0.00907,-0.00868
1686,-0.00454,-0.05582
1687,-0.01456,0.02745
1688,0.00646,0.06082
1689,-0.01825,-0.07294
168A,-0.00137,0.01960
1690,-0.01970,-0.02683
1691,-0.04327,-0.08156
1692,0.01428,0.01972
1693,0.02226,0.01004
1694,-0.02764,-0.05174
1695,-0.06136,-0.05933
1696,-0.01947,0.03098
1697,0.00829,-0.05264
1698,-0.03737,-0.02485
1699,0.01228,0.01448
170A,0.00950,0.04342
1711,-0.02219,-0.05875
1716,0.11345,-0.03614
1717,0.03411,0.06563
1718,0.02549,-0.01230
1719,-0.12797,0.00126
171A,-0.01049,-0.05315
1720,-0.04477,-0.08498
1721,0.00215,-0.05973
1723,0.00853,0.05357
1724,0.00487,0.02155
1726,0.13530,-0.05441
172A,0.05148,0.05974
1736,0.00767,0.05409
173A,0.08343,0.13567
1758,-0.00953,-0.01315
175A,0.10648,-0.06782
1762,-0.08022,-0.09508
1764,0.01316,-0.03889
1766,-0.00913,0.05623
1768,-0.02908,-0.02572
1770,0.00082,-0.09131
1773,0.05357,0.05927
1776,-0.04581,-0.01284
177A,0.00088,0.00026
1780,0.10398,-0.08069
1783,0.01841,0.05105
1786,-0.01104,0.00082
1787,0.02821,-0.05075
1788,-0.01553,-0.03845
178A,0.04848,0.05627
1793,-0.00872,0.00059
1795,0.02664,0.00186
1798,-0.00092,0.00798
1799,-0.03127,-0.06606
179A,0.02146,0.09005
1801,0.02324,0.05051
1802,0.04354,0.13016
1803,0.13481,-0.06685
1807,-0.01841,-0.01956
1808,-0.03024,0.02119
180A,-0.08063,-0.10606
1810,0.01432,0.06543
1811,0.04834,0.07896
1812,0.02925,0.03412
1813,-0.03609,0.04606
1814,0.00905,0.07223
1815,-0.02386,-0.08906
181A,-0.05512,-0.10728
1820,-0.01356,0.04793
1822,-0.02255,-0.00619
1826,0.11722,-0.10344
1827,-0.07041,-0.02401
1828,-0.01603,-0.04619
182A,0.15720,0.03064
1833,-0.03871,-0.05529
1835,0.02891,-0.00199
183A,0.01080,-0.00868
1840,-0.04369,-0.09900
1841,-0.02891,-0.03761
1844,-0.05605,0.00417
1847,-0.02543,-0.03005
1848,-0.03612,-0.01994
184A,0.04222,0.12540
1850,0.07247,-0.07163
1852,-0.01999,-0.00343
1853,-0.02141,-0.00750
185A,0.02781,0.02637
1860,0.01270,-0.02814
1861,-0.00131,0.00937
1866,-0.04546,-0.03756
1867,-0.04340,-0.03043
186A,-0.13772,0.03556
1870,-0.03550,0.04178
1871,-0.00417,-0.07055
1873,-0.02221,-0.10216
1878,0.01461,0.05213
1879,0.00541,0.01743
1882,0.02059,0.08611
1885,0.02998,-0.03001
1887,-0.05689,-0.10832
1888,-0.00476,-0.01044
188A,-0.05439,-0.01167
1893,0.01974,-0.06592
1897,0.03283,0.05072
1898,-0.00325,-0.01261
1899,-0.02964,-0.00736
189A,-0.00640,0.02692
1904,-0.04935,-0.04942
1905,-0.02577,-0.05100
1909,-0.09453,-0.09927
190A,0.02485,0.02766
1911,-0.04367,0.00521
1914,-0.01330,0.00486
191A,-0.01051,0.03459
1921,0.03933,0.15047
1925,-0.04036,0.04448
1926,0.02201,0.04662
1928,0.00126,-0.02466
1929,0.11137,-0.02621
192A,-0.02327,-0.04283
1930,0.05176,0.05691
1934,-0.00887,-0.08746
1938,0.00777,-0.02632
1939,-0.03778,-0.06288
1941,-0.01791,-0.01797
1942,0.01475,0.05511
1944,-0.02498,-0.05417
1945,0.00104,0.04093
1946,0.10447,-0.08181
1948,0.04954,0.05599
1949,0.00671,0.06996
194A,-0.03495,-0.03827
1950,0.04704,-0.02730
1951,-0.00457,-0.10275
1952,-0.03049,-0.06085
1959,-0.00745,0.00820
195A,-0.03448,-0.07489
1960,-0.00961,-0.02531
1961,-0.02198,0.09256
1963,-0.00466,-0.04155
1964,-0.09410,0.07194
1965,0.00829,0.02252
1966,-0.02957,-0.03554
1967,0.02148,0.07799
1968,-0.03988,-0.02562
1969,-0.03085,0.02937
196A,-0.02180,0.06392
1972,0.12612,-0.06696
1975,-0.02241,-0.08043
1976,0.04751,0.06239
1979,-0.11262,0.05424
197A,-0.03387,-0.03158
1980,-0.06476,-0.12098
1981,0.08279,-0.13242
1982,-0.01631,-0.06488
198A,-0.04467,-0.00367
1992,0.03414,0.04406
1994,0.03954,0.00683
1997,-0.05109,-0.07323
199A,-0.02146,-0.03786
2001,-0.02336,0.00396
2002,0.00738,-0.01518
2003,-0.05071,0.01015
2004,-0.03217,-0.05687
2009,-0.04880,-0.07318
200A,-0.02047,0.01990
2011,0.04379,-0.00181
2012,0.03611,0.08504
2013,-0.00267,0.06260
2014,0.00070,-0.05374
2015,-0.12300,0.09569
2016,0.01076,-0.01801
2017,-0.04893,0.01311
2018,-0.00135,0.03722
2019,0.02480,-0.02437
201A,0.01197,-0.02544
202A,0.04516,-0.06911
2031,0.02253,0.10042
2032,-0.01739,-0.02780
2033,0.05048,0.06922
2034,-0.04059,-0.03068
2036,0.04672,0.06747
2037,0.01193,0.03333
2038,0.00297,-0.05809
2039,-0.00288,-0.09363
203A,0.04968,-0.02328
2040,0.01090,-0.02394
2041,0.00698,-0.03193
2042,0.04293,0.12247
2043,0.02422,0.01190
2044,0.01763,0.05080
2045,-0.00899,0.01307
2046,0.14203,-0.09498
2047,0.07387,0.10766
2048,-0.00286,0.05713
204A,-0.05789,-0.03831
2050,0.03563,0.08727
2053,-0.00159,-0.02242
2055,-0.01472,0.00033
205A,-0.07994,-0.11873
2060,-0.04907,-0.08886
2065,-0.03508,-0.03920
2066,-0.00851,-0.12723
2067,-0.02569,-0.07441
2068,-0.05825,-0.06236
2069,-0.01048,0.06421
206A,0.02534,0.01762
2070,0.04837,-0.04485
2071,0.03762,-0.03183
2072,0.14129,-0.03857
2073,0.01661,-0.04986
207A,0.06907,0.11910
2080,-0.01041,-0.03579
2081,-0.05069,-0.05254
2082,0.07153,0.00838
2083,-0.08774,-0.10264
2084,-0.01447,-0.02995
2085,-0.06113,-0.01781
2086,0.02286,0.06798
2087,0.03330,0.03047
2088,-0.01963,-0.00991
2089,-0.01962,-0.04131
208A,-0.03203,-0.04090
2090,0.01753,0.08933
2091,0.05271,0.05118
2092,-0.01513,-0.02546
2093,0.02559,0.02755
2094,-0.00275,0.01570
2095,-0.04235,0.01868
2096,0.02257,0.04438
2097,-0.04061,-0.06198
2098,-0.03787,-0.05689
209A,-0.04618,-0.03313
2108,-0.09431,0.11860
2109,-0.02012,-0.03474
210A,-0.02204,-0.05372
2112,-0.02778,0.03350
2114,0.02971,0.07951
2117,-0.05365,-0.01476
211A,0.11613,-0.11257
2120,0.06759,0.05816
2121,0.05127,-0.00339
2122,-0.04949,-0.10703
2124,0.05705,0.04627
2127,0.05983,0.04690
212A,0.02854,-0.03986
2130,0.05974,0.09248
2134,-0.00741,0.03571
2136,0.08007,-0.10217
2138,-0.03740,-0.02356
2139,-0.00804,0.00367
213A,-0.02738,0.02264
2146,0.01454,0.00484
2148,0.01699,-0.02712
2152,-0.03546,-0.03711
2153,0.01689,-0.04069
2154,0.01105,0.01659
2156,-0.02141,0.02519
2157,-0.05631,-0.07664
2158,-0.00630,0.04942
215A,-0.02602,0.07356
2160,-0.11845,0.12032
2162,0.05738,0.07206
2163,-0.00796,-0.01391
2164,-0.04626,-0.01551
2168,0.00146,0.05401
2169,-0.01422,-0.06564
216A,0.02596,-0.01071
2170,0.03479,-0.00097
2173,-0.02868,-0.01598
2175,0.02864,0.05226
2179,-0.00878,-0.03775
217A,0.04403,-0.01576
2180,0.12844,-0.07596
2181,-0.00440,0.01377
2183,-0.12045,0.04150
2185,-0.09633,0.17776
2186,-0.00777,-0.07966
218A,-0.01807,-0.01548
2193,-0.05968,-0.07528
2195,0.04084,0.06520
2196,-0.02444,0.01704
2198,0.01786,0.02422
219A,0.03941,0.01506
2201,-0.13952,0.03300
2204,0.02592,0.09068
2206,-0.00341,-0.00903
2207,0.06336,0.11192
2208,0.04121,0.06384
2209,-0.02993,-0.04433
220A,-0.07316,-0.11003
2211,0.12213,-0.02492
2212,-0.05405,-0.05540
2215,-0.03668,-0.10894
2216,0.00706,-0.00499
2217,0.01549,-0.01236
221A,-0.02422,-0.03558
2220,-0.06221,-0.04284
2221,0.00593,0.07874
2222,-0.02536,-0.01100
2224,-0.01479,-0.06333
2226,0.00201,-0.06905
2229,0.00111,-0.01055
222A,0.01862,0.00895
2235,-0.07327,-0.07375
2236,-0.05021,-0.04474
2237,0.02985,0.08603
2238,-0.06372,-0.14508
2239,0.00830,0.02227
223A,-0.00657,-0.01947
2240,0.01033,-0.02623
2241,-0.03244,-0.05807
2242,0.10996,-0.08694
2243,0.01591,0.02313
2244,0.01473,0.03131
2245,0.02987,0.08771
2246,0.02087,-0.01505
2247,0.03911,0.03447
2248,0.02544,0.01827
2249,-0.04246,-0.05907
224A,0.01972,-0.01069
2250,-0.01514,0.00456
2251,-0.01377,-0.07298
2252,0.00054,-0.05704
2253,0.03128,0.01934
2254,0.01352,-0.02345
2255,-0.04723,-0.13378
2256,0.01538,0.00763
2257,-0.04824,-0.09193
2258,0.07439,-0.09540
2259,-0.04575,-0.09118
2264,0.02074,0.07632
2266,-0.02578,-0.00922
2267,0.01337,0.04265
2268,-0.00517,0.02328
2269,-0.00631,0.02460
226A,-0.04656,0.01512
2270,0.03569,-0.02896
227A,0.00184,0.03673
2281,0.01461,0.00375
2282,-0.04783,0.03252
2286,0.01903,0.06114
2288,-0.02056,-0.07592
228A,-0.01479,-0.01230
2291,-0.04792,-0.09152
2292,-0.02824,0.00456
2293,-0.07967,-0.13186
2294,0.05158,0.08822
2296,-0.02477,-0.00222
229A,-0.04655,-0.07308
2300,-0.00297,-0.00313
2301,-0.02777,-0.10235
2303,-0.09246,-0.02042
2304,0.03971,0.08997
2305,0.11457,-0.03569
2307,0.01189,0.01282
2311,-0.02976,0.00002
2315,0.02078,0.10021
2317,0.15106,-0.01849
2321,-0.02517,0.08066
2323,-0.01049,0.01486
2325,0.11694,-0.14317
2326,0.12232,-0.03353
2327,0.00748,-0.00099
2329,-0.04152,-0.05335
2330,-0.02002,0.00532
2331,0.03606,0.06910
2332,0.09820,-0.09446
2334,0.04353,-0.01384
2335,-0.07779,-0.09162
2337,0.02995,-0.01103
2338,-0.06473,-0.08198
233A,0.02287,-0.05062
2340,-0.04536,-0.02118
2341,0.03157,0.07392
2342,-0.00751,-0.04803
2344,0.00435,0.11809
2345,0.04906,0.03826
2349,-0.01676,-0.03323
234A,-0.00401,0.02345
2351,0.01029,0.02148
2353,0.01806,-0.05949
2354,-0.07902,0.10823
2359,-0.03594,-0.01060
235A,0.06391,0.03480
236A,0.00259,0.05777
2370,0.03634,-0.00108
2371,0.00060,-0.00981
2373,-0.04304,0.01602
2374,0.15820,-0.03549
2375,-0.05392,-0.09165
2376,0.06771,0.07572
2378,-0.00925,0.00518
2379,0.02758,0.07776
237A,0.03807,0.08217
2384,-0.03622,-0.05492
2385,0.00644,0.03834
2388,0.08951,0.08317
2389,0.02787,-0.04314
238A,-0.00863,0.00775
2391,0.04567,0.03985
2393,0.03832,0.05034
2395,0.00786,-0.03871
239A,0.02189,-0.01832
2404,-0.03689,-0.07541
2408,-0.04176,-0.06695
2410,-0.05815,-0.05751
2411,-0.02119,-0.00069
2413,0.01444,0.00008
2415,-0.00800,-0.01686
2418,-0.01431,-0.02762
241A,-0.13906,0.02408
2424,0.02326,-0.03518
2425,0.07608,0.07254
2428,-0.13671,-0.00435
2429,-0.12825,0.03623
2432,-0.06815,-0.02524
2433,0.13637,-0.11136
2435,0.02711,0.03995
2436,0.02835,0.04247
2437,0.01308,0.08000
2438,0.03321,0.11206
243A,-0.00801,-0.03993
2440,-0.04905,-0.05656
2445,0.03881,0.00490
2449,-0.01472,0.04547
244A,-0.04297,-0.13562
2452,0.00352,-0.02732
2454,-0.07318,-0.11057
2459,-0.12650,0.07665
245A,-0.01931,0.00144
2461,0.01182,-0.10066
2462,-0.00658,-0.02914
2464,0.05602,0.02641
2469,-0.01900,-0.03141
246A,-0.01433,-0.01824
2471,0.00981,0.01337
2475,-0.03921,-0.02916
2477,0.06372,0.06249
2479,0.11936,-0.08608
247A,-0.02472,-0.05216
2480,0.01237,0.05454
2481,0.08653,0.02968
2483,-0.01205,-0.03412
2484,0.04013,0.04685
2485,-0.01841,-0.04644
2488,0.07327,0.05915
2489,-0.11171,0.07301
248A,-0.12144,0.00209
2491,0.05163,0.07143
2492,-0.14366,0.07273
2493,0.02258,0.04164
2497,-0.01459,-0.02534
2498,0.00932,0.06065
2499,-0.00167,-0.02480
249A,0.00170,0.00855
2501,0.08022,0.01434
2502,0.01394,-0.01805
2503,-0.14207,-0.02122
250A,0.04282,-0.05054
2510,0.07319,0.06433
2511,-0.08926,-0.08086
2512,-0.06480,-0.10481
2513,-0.04492,-0.04439
2514,-0.00614,-0.03716
2515,0.03788,-0.00533
2516,0.03558,-0.00380
2517,0.00711,0.00397
2518,-0.00067,0.07214
2519,0.03937,0.01381
251A,0.01367,0.10613
2520,0.03400,-0.01203
2521,0.00914,-0.04639
2522,-0.01233,0.02432
2523,0.05084,0.08627
2524,0.06231,0.01920
2525,0.05745,0.04029
2526,-0.01368,-0.04513
2527,0.03113,0.08407
2528,0.03941,0.04059
2529,0.00638,-0.01747
252A,-0.03066,-0.03444
2530,0.01473,0.03464
2531,-0.11476,0.08229
2533,0.00300,0.01800
253A,0.03931,-0.02501
2540,0.03027,0.03855
254A,0.00323,0.05531
2552,-0.01080,-0.07693
2553,-0.05392,-0.04454
2554,0.03898,0.08357
2555,0.10553,0.08389
2556,0.03775,0.03736
2557,-0.01709,-0.01190
2558,0.01902,0.02332
2559,-0.00756,-0.01716
255A,0.04991,0.01679
2560,-0.02216,0.06033
2561,0.00617,0.05193
2562,0.01586,0.01229
2563,-0.00022,0.03220
2564,0.02820,0.07696
2565,-0.02321,-0.04538
2566,0.00040,0.01110
2567,0.03220,0.02574
2568,-0.03053,0.01962
2569,0.00382,0.08392
256A,0.00191,0.02908
2573,0.03893,0.03896
2579,0.03342,0.11472
257A,-0.03829,-0.00132
2585,0.01708,0.09567
2586,-0.01203,-0.03874
2587,-0.08826,0.19509
2588,-0.01283,-0.02965
258A,0.00543,-0.07419
2590,-0.03753,-0.03092
2593,-0.03768,-0.07252
25935,0.02375,0.01895
2594,-0.01505,-0.06944
2597,0.03213,0.03999
2602,0.01123,0.04552
2607,0.01245,-0.01992
2612,-0.01497,-0.02152
2613,0.02902,-0.01512
261A,0.01245,-0.01651
2620,0.02238,0.00545
2621,0.02932,0.00979
2622,0.01646,-0.00716
2623,0.08581,-0.09578
2624,0.00205,0.07105
2625,-0.08327,0.00577
2626,0.04661,0.03819
2627,-0.00483,-0.02726
2628,-0.04812,-0.06487
2629,-0.10661,0.08464
262A,0.05308,0.01571
2630,0.03402,0.00701
2631,-0.04275,-0.07165
2632,0.09696,-0.14237
2633,-0.04201,-0.05911
2634,-0.05830,-0.07976
2636,0.04623,0.05491
2637,0.01411,0.02348
2638,0.05346,0.02793
2639,-0.12089,0.05377
263A,-0.10659,0.13521
2640,0.01478,-0.01236
2641,0.01493,0.11875
2642,-0.03782,-0.00076
2643,-0.01589,-0.01899
2644,0.06200,0.03777
2645,-0.01328,0.02283
2646,-0.01635,0.02771
2647,-0.08852,0.14089
2648,0.00253,0.03036
2649,-0.01431,-0.06512
264A,0.01582,0.01722
2652,0.05718,0.11358
2653,0.05307,0.07918
2654,0.01010,-0.03059
2656,-0.06763,-0.13716
2659,0.06287,0.04251
265A,-0.02871,-0.03253
2664,-0.05180,-0.08222
2666,0.07515,0.02107
2667,0.05783,0.08041
2668,0.00539,0.03466
2669,-0.03170,0.00381
266A,-0.02167,-0.03759
2670,-0.03667,-0.01132
2673,-0.01257,0.04230
2674,-0.02795,-0.00481
2676,-0.05787,-0.06635
2678,0.06068,0.10442
267A,0.14849,-0.01303
2681,0.00030,0.02302
2683,0.02898,-0.04653
2685,0.04613,0.12827
2686,-0.02025,-0.01552
2687,-0.01588,-0.01765
2689,0.05080,0.00707
268A,-0.05421,-0.02448
2692,0.02446,0.08304
2693,0.01814,0.05465
2694,-0.04561,-0.04024
2695,0.03542,0.05129
2698,-0.00321,-0.00445
269A,0.05814,0.06256
2700,0.04811,0.02563
2702,-0.04309,0.02481
2705,-0.03335,0.00449
2708,0.06302,0.02525
271A,-0.04279,-0.05891
2721,0.00805,0.00268
2722,0.00919,-0.03984
2726,0.05132,0.03344
2730,-0.01041,-0.01443
2733,0.03877,0.00219
2734,0.04676,-0.01933
2735,0.06572,0.10706
2736,-0.02592,-0.03715
2737,0.02267,0.01139
273A,-0.01828,-0.05009
2742,0.12287,-0.07970
2747,-0.01859,-0.05764
2749,0.01149,0.02468
274A,-0.13852,0.09165
2750,0.04374,0.03661
2751,-0.01531,-0.08641
2752,0.02939,-0.02639
2753,-0.01422,-0.06147
2760,-0.04729,-0.10544
2762,-0.03736,-0.03730
2763,0.02343,0.00466
2764,0.12934,-0.08309
2767,-0.05773,-0.04598
2768,0.12864,-0.03788
2769,0.07963,0.18056
276A,0.01395,0.02229
2776,0.06240,0.10961
2778,0.02821,0.04841
277A,0.00875,0.05325
2780,0.01496,0.03333
2782,0.06503,0.10267
2784,-0.00115,0.05216
2788,0.06007,0.02489
2789,0.02480,-0.02784
278A,0.15132,0.00978
2790,0.00351,-0.05665
2791,0.00186,0.03967
2792,-0.06399,-0.04673
2795,0.02587,0.06202
2796,-0.03535,-0.03785
2798,0.05071,0.04973
279A,-0.02679,-0.06364
2801,0.02737,0.08147
2802,-0.02186,-0.03827
2804,0.03058,0.06919
2805,0.00129,-0.02606
2806,0.05683,0.09829
2809,0.02897,0.01287
280A,0.00688,0.02357
2810,0.05967,0.11118
2811,-0.00746,0.01400
2813,-0.02942,-0.04997
2814,0.00007,-0.05545
2815,-0.10773,0.07459
2816,-0.03545,-0.03761
2818,-0.00194,0.06787
2819,0.02815,-0.02917
281A,0.02627,-0.03289
2820,-0.05778,-0.05610
282A,0.04650,0.05488
2831,-0.04629,-0.05698
2836,-0.00943,-0.00257
2837,0.00428,-0.10498
2838,-0.04239,-0.05039
2839,0.01723,0.04800
283A,-0.04840,-0.06657
2840,0.00282,-0.06206
2841,0.00661,0.03255
2842,0.00772,-0.01045
2843,-0.14370,0.03742
2844,0.01448,-0.06922
2845,-0.03808,0.00048
2846,-0.02925,-0.13956
2847,0.02255,0.02525
2848,-0.12934,0.05553
2849,0.00502,0.02749
284A,0.04288,0.02047
2851,-0.02795,-0.03698
2852,-0.04768,0.04693
2853,0.07330,0.01636
2854,0.02921,0.03347
2855,-0.02547,-0.07851
2856,-0.01217,-0.06877
2857,0.01727,0.03912
2858,-0.03066,0.02279
2859,-0.11612,0.06891
285A,-0.05374,-0.09277
2860,0.03381,0.01608
2861,-0.01407,-0.01149
2862,-0.03013,0.02892
2864,0.04280,0.13715
2865,-0.01953,-0.03205
2866,-0.05838,-0.06760
2867,-0.06903,-0.05057
2868,-0.08553,-0.10181
2869,0.03805,0.09195
286A,-0.01233,0.00420
2870,-0.02585,-0.02751
2871,0.00164,-0.01655
2872,0.00726,0.00279
2874,-0.01145,-0.04060
2875,0.03188,0.04060
2876,0.08651,0.10030
2877,-0.02303,-0.04445
287A,-0.04337,-0.01600
2882,-0.03451,-0.06066
2883,-0.09052,-0.12835
2884,0.03643,0.05454
288A,-0.04188,-0.04156
2892,0.00991,-0.01318
2894,-0.00141,0.00699
2897,0.00955,0.01258
2901,-0.00331,-0.03418
2903,0.08417,0.14730
2904,0.00494,0.00065
2907,0.02106,-0.02583
2908,-0.00043,0.08425
290A,-0.00456,-0.05357
2910,-0.02618,-0.03398
2911,-0.00536,0.01296
2914,0.05798,0.06405
2915,0.00796,0.04507
2916,0.01284,-0.00198
2917,0.01849,-0.05986
2918,-0.01030,-0.04900
291A,-0.13381,0.07409
2922,-0.00661,0.00054
2923,-0.00322,0.03870
2924,-0.05688,-0.03814
2926,-0.05496,-0.06491
2927,-0.04158,-0.00434
2929,-0.02662,-0.01861
292A,-0.01587,0.08381
2930,-0.09220,-0.08422
2931,-0.02035,-0.04337
2932,0.01126,-0.03752
2933,0.02097,0.08319
2934,-0.02425,-0.05000
2935,-0.00927,-0.09417
2936,0.00335,-0.01272
2937,-0.00695,0.03807
2938,0.07407,0.00313
293A,-0.00719,-0.06148
294A,0.11173,-0.02932
295A,-0.14590,0.04372
2961,-0.05067,-0.10368
2962,-0.03799,-0.03600
296A,0.00196,-0.03594
2970,-0.05590,-0.07274
2971,0.01760,0.01670
2972,0.11789,-0.09656
2975,0.02471,-0.05605
2978,0.12883,-0.04901
2979,0.01718,-0.03066
297A,-0.07452,-0.13459
2980,0.12586,-0.02689
2981,0.01463,0.01883
2982,-0.02552,-0.04918
2983,0.02510,-0.01922
2984,0.00654,0.01776
2985,0.01768,-0.03919
2986,-0.03836,0.00858
2989,-0.00732,0.00667
298A,-0.00402,-0.03702
2990,0.00878,-0.00461
2991,0.00852,0.01082
2992,0.04918,0.01417
2993,0.01490,-0.07329
2994,0.04838,0.04921
2995,-0.13923,-0.00393
2997,-0.05069,-0.00796
2998,0.01279,0.04948
2999,-0.01015,-0.01061
299A,-0.00251,0.06402
3001,0.02738,0.01075
3002,0.02792,0.06407
3003,-0.00418,0.00072
3004,-0.05226,-0.04638
300A,-0.00401,0.02275
3010,-0.07973,-0.04291
3011,0.07228,0.03250
301A,0.02618,0.09152
3020,0.13168,-0.12783
3021,-0.01154,0.01785
3023,-0.09546,-0.08002
3024,0.11905,-0.04815
3028,0.14436,-0.05181
302A,-0.13488,0.07922
3030,-0.01162,-0.06307
3031,0.01492,0.03400
3034,0.00384,0.01104
3035,-0.03361,-0.00763
3036,0.16436,-0.00148
3038,0.04582,0.06848
303A,-0.01638,-0.04627
3040,-0.03676,-0.04601
3041,0.00319,0.03904
3042,-0.02969,-0.05158
3045,0.00535,-0.00114
3046,-0.01376,-0.08715
3048,0.09972,-0.11503
304A,0.13852,-0.08844
3050,0.13533,-0.07767
3053,-0.03792,-0.05068
3054,0.09990,0.09709
3058,-0.00741,0.06230
3059,-0.00780,-0.03044
305A,-0.01085,0.00161
3063,-0.04680,-0.08832
3064,-0.06428,-0.13654
3065,-0.00441,-0.03008
3067,-0.02419,0.02263
3068,-0.01026,-0.05120
3069,0.00515,-0.02104
3070,-0.01050,-0.00534
3071,-0.05875,-0.00555
3075,-0.00803,0.01076
3076,-0.06414,-0.09457
3077,-0.00668,0.02025
3079,0.07357,0.04413
307A,0.00025,-0.00975
3080,-0.01484,0.03075
3082,0.03251,0.09070
3083,0.13726,-0.00602
3086,0.00157,0.02715
3087,-0.08467,-0.11184
3088,-0.02316,-0.01440
3089,-0.00047,0.00794
308A,-0.13317,0.13384
3091,-0.03676,-0.01667
3092,0.02476,-0.00624
3093,0.02262,-0.01513
3096,0.00234,0.04605
3097,0.12777,-0.05278
3099,0.03747,0.00672
309A,-0.04027,0.04104
3101,-0.00189,-0.02687
3103,0.05590,0.08386
3104,-0.01440,0.05586
3105,-0.01583,0.06715
3106,0.01788,-0.02376
3107,0.03063,-0.05181
3109,0.01927,0.05698
310A,0.06126,0.08232
3110,0.03140,0.04859
3111,-0.02129,-0.01156
3113,-0.02641,-0.03806
3116,-0.04045,-0.01428
311A,0.01287,-0.03602
3121,0.05280,0.07914
3123,-0.03172,-0.00180
312A,0.00239,0.00390
3131,0.05080,0.07892
3132,-0.04745,-0.03560
3133,0.03784,-0.03252
3134,0.13345,-0.08178
3135,-0.05785,-0.08592
3137,-0.07526,-0.03469
3138,0.04672,0.15065
3139,-0.00399,-0.00315
313A,-0.01767,-0.00670
3140,-0.00323,-0.04701
3143,0.06555,0.10584
3148,-0.04631,-0.07990
314A,0.01391,-0.03062
3150,0.03983,0.02925
3151,0.01498,0.00828
3153,-0.05058,-0.02943
3154,-0.04655,-0.10022
3156,-0.02095,0.00715
3157,0.04688,0.07736
3159,-0.00883,0.02618
315A,0.05072,0.07592
3160,0.01672,-0.03921
3161,-0.02022,-0.09021
3166,0.00282,0.05405
3167,-0.00582,-0.05761
3168,-0.03326,-0.01799
3169,0.04075,0.03083
316A,-0.02186,0.03759
3172,0.11212,-0.07709
3173,0.05252,0.10026
3174,-0.05019,-0.00643
3175,0.00148,0.04979
3176,0.00507,0.00284
3177,-0.00817,-0.01552
3178,-0.07084,-0.03967
3179,-0.05088,-0.01879
317A,0.02015,0.08482
3180,0.01910,-0.00245
3181,0.01012,0.01076
3182,-0.03274,-0.05579
3183,0.11628,-0.08819
3184,-0.01769,-0.03457
3185,-0.04255,-0.01540
3186,-0.03220,0.01061
3187,-0.02111,-0.00433
3189,-0.00249,0.05519
318A,0.00834,-0.01398
3190,-0.01769,0.00028
3191,-0.01840,-0.04122
3192,-0.00523,0.03466
3193,0.04499,0.08738
3195,-0.03469,-0.02340
3196,0.07314,0.05990
3197,0.04575,-0.00678
3198,0.00437,0.11332
3199,0.02592,0.06132
319A,0.03078,-0.01192
3201,-0.08307,0.07393
3202,-0.00033,-0.08759
3204,-0.01790,0.01298
3205,0.03150,0.01258
320A,-0.03401,-0.07482
321A,-0.03407,-0.00367
3221,0.00966,0.05297
3222,-0.11043,0.13977
3223,-0.01310,0.01663
3224,0.04791,0.01453
3226,0.04125,0.09577
322A,0.04515,0.01650
3231,-0.02557,-0.01318
3232,0.02067,0.11243
3234,-0.00473,0.03588
3236,-0.07651,-0.07049
3237,-0.00712,0.02504
3238,-0.00767,0.03814
323A,0.02611,-0.01324
3241,-0.00743,0.06745
3242,0.08004,0.04752
3245,0.02622,0.04915
3246,0.03857,0.09133
3248,-0.07737,-0.07251
3249,0.04853,0.02389
324A,-0.13635,0.04676
3252,0.01289,0.03424
325A,-0.03840,0.04288
3261,-0.08419,-0.09789
3266,-0.00218,0.07466
3267,-0.01700,-0.04842
3269,-0.00462,0.04799
326A,0.04213,0.04077
3271,0.03831,0.08948
3276,-0.03924,0.00602
3277,-0.03978,0.01681
3279,-0.01675,-0.01291
3280,0.01841,0.02088
3281,-0.07375,-0.03916
3282,-0.05166,-0.01470
3283,-0.02679,0.09239
3284,0.02289,0.01080
3286,-0.00533,-0.04333
3287,0.01332,-0.06622
3288,0.04923,0.03976
3289,0.02362,0.04253
328A,0.00194,-0.04832
3290,0.05503,0.09124
3291,-0.06970,0.06670
3292,-0.05668,-0.02469
3293,0.03918,0.13254
3294,0.00577,-0.00439
3295,-0.07306,-0.01112
3296,0.00964,-0.01005
3297,-0.00104,0.05212
3299,0.02410,0.03034
329A,0.00780,-0.02380
3300,0.00276,0.04044
3302,0.14452,-0.05785
3306,0.00157,0.02356
3309,-0.00768,-0.02421
330A,-0.04473,-0.01976
3315,-0.00361,0.00912
3317,-0.03521,-0.02928
331A,-0.02618,0.02290
3320,-0.07446,-0.09174
3321,0.08605,0.08145
3323,-0.00743,-0.06994
3326,0.10402,-0.11864
3329,0.02141,-0.00774
332A,-0.01497,-0.03985
3333,-0.04736,-0.09503
333A,-0.13884,0.00406
3349,-0.12587,0.09480
334A,0.04726,0.04389
3350,0.02857,0.01547
3352,-0.04931,0.05352
3353,-0.00491,-0.04127
3355,0.00546,0.09533
3358,-0.00150,-0.00577
3359,0.05569,0.10818
335A,-0.02839,-0.07345
3360,-0.03681,0.00048
3361,-0.05282,-0.03391
336A,-0.08243,-0.04348
3370,0.02119,0.03264
3371,0.01019,0.01180
3372,0.00842,0.03621
3374,-0.04986,-0.09329
3375,0.02296,-0.04483
3377,0.04986,0.03492
3382,-0.03883,-0.02224
3386,-0.00191,0.03248
3387,-0.01761,-0.05933
3388,-0.00308,0.03497
338A,-0.10294,0.11282
3391,0.02092,-0.03661
3392,0.02257,-0.03027
3393,0.01608,0.08699
3395,0.06728,0.02604
3396,0.01481,-0.00036
3397,-0.06519,-0.07042
3399,-0.03330,-0.10160
339A,-0.00341,0.04935
3401,0.03755,-0.03094
3402,-0.05646,-0.07811
3405,-0.00711,-0.01768
3407,-0.00958,-0.07863
3409,-0.00725,-0.05985
340A,0.05203,0.03016
3415,-0.01705,-0.08616
3416,-0.03721,0.01626
3417,0.02308,0.03885
3418,0.12538,-0.08932
341A,0.03421,-0.01654
3420,0.03778,0.04531
3421,0.05924,0.07450
3422,0.00552,0.06697
3423,0.04696,0.07509
3426,0.00281,0.03766
3431,-0.08043,-0.10396
3433,0.01056,-0.01870
3434,-0.02454,-0.03880
3435,0.02597,-0.07793
3436,-0.00483,-0.05538
3437,-0.01391,-0.05949
3439,-0.00581,0.01778
343A,0.01480,0.02910
3440,0.12512,-0.14031
3441,-0.04877,0.14343
3443,-0.00926,-0.07506
3444,-0.04619,-0.07511
3445,-0.02802,-0.02225
3446,-0.01862,-0.00445
3447,-0.00847,-0.00525
3448,-0.05181,-0.11845
3449,0.03239,0.01615
3450,-0.00366,0.04122
3451,-0.00655,-0.00648
3452,0.01520,-0.00462
3454,0.00149,0.04130
3455,-0.00407,-0.02284
3457,0.02215,0.04821
3459,-0.05797,-0.02980
345A,0.05508,0.10954
3461,-0.02117,-0.05707
3462,0.01484,0.01639
3463,-0.05516,-0.09165
3465,0.00764,0.01918
3466,-0.02238,-0.01103
3467,0.05171,0.02338
3468,0.01787,0.07349
3469,0.03903,0.03461
346A,-0.04311,-0.06399
3470,-0.14527,-0.00096
3471,-0.11860,0.06904
3472,-0.14717,0.05328
3474,0.02170,-0.05922
3475,-0.06338,-0.05926
3476,-0.05524,-0.13748
3477,0.01790,-0.00531
3479,0.02608,-0.01570
347A,0.00496,-0.01661
3480,0.03975,0.02217
3481,0.01186,-0.00519
3482,0.02929,-0.00217
3483,-0.01018,0.01901
3484,0.05575,0.05905
3486,-0.05646,-0.10451
3487,0.00398,0.00996
3488,0.04243,0.04280
3489,0.02495,-0.00736
348A,0.04812,0.07458
3490,0.03889,0.02478
3491,0.00661,-0.00666
3492,-0.03244,-0.04541
3494,-0.01766,0.00558
3495,-0.00151,0.02439
3496,-0.03302,-0.08471
3498,0.01987,-0.00440
349A,0.09306,0.07150
3501,-0.01384,0.06313
350A,-0.03016,-0.03940
3512,-0.09665,-0.15609
3513,0.00839,0.00364
351A,0.05679,0.01690
3521,-0.04663,-0.03974
3524,0.02335,-0.01163
3529,-0.02193,-0.04045
352A,0.03433,0.05976
3536,-0.02383,-0.01689
3537,0.01508,0.08296
3538,-0.03549,0.02858
3539,0.03787,0.06980
3541,-0.03089,-0.02509
3542,0.01457,-0.04878
3543,0.00855,0.04558
3544,0.00384,0.07729
3546,-0.01486,0.01658
3547,-0.00816,0.01686
3548,-0.01037,0.01144
3549,0.01317,-0.02552
354A,0.02321,0.04177
3550,-0.00645,-0.08485
3551,-0.10283,-0.15282
3553,-0.04115,0.03519
3556,0.01329,0.06176
3557,-0.01218,-0.01138
3558,-0.01569,0.09068
3559,-0.02574,0.01514
355A,0.16038,0.00738
3560,0.02328,0.02847
3561,0.01891,0.02936
3562,0.00792,0.00565
3563,0.05327,-0.00461
3565,-0.00627,-0.01870
3566,-0.04920,-0.06189
3569,-0.01443,0.04097
356A,-0.06202,-0.09453
3571,0.04613,0.00417
3577,0.02855,0.04027
357A,0.03482,0.00324
3580,-0.02658,0.00974
3583,0.02727,0.07109
358A,-0.00443,0.02285
3591,-0.00575,0.00692
3593,0.01524,0.06874
3597,-0.02293,-0.06619
3598,-0.04591,0.02760
359A,0.04994,0.03608
3600,-0.05655,-0.11582
3607,-0.05731,-0.00306
3608,0.02873,0.04849
360A,-0.00881,-0.07457
3611,0.04955,0.05102
3612,-0.04942,-0.04477
361A,0.00558,-0.05599
3622,-0.00919,-0.02984
3623,-0.05382,-0.08757
3624,0.02255,0.03501
3625,0.01757,-0.00554
3626,0.02116,0.01284
3627,-0.00076,0.00352
3628,0.03042,-0.06582
362A,-0.02018,-0.00237
3632,-0.00513,0.04834
3633,-0.04397,-0.05609
3634,-0.01954,-0.01389
3635,-0.03826,-0.09587
3636,0.06683,0.02372
3639,-0.00531,-0.05047
363A,0.04169,0.02777
3640,0.02074,-0.03013
3641,0.01825,0.01465
3645,-0.02945,-0.02041
3646,-0.05467,-0.01707
3647,-0.02763,-0.03852
3648,-0.01518,0.00460
3649,-0.05884,-0.05043
364A,-0.02475,0.00365
3652,0.02868,-0.00279
3653,-0.13282,0.03879
3655,-0.04451,-0.03882
3656,0.04263,0.02946
3657,-0.01347,-0.06715
3659,-0.12946,0.06050
365A,-0.03829,-0.04504
3660,0.04015,0.06526
3661,-0.00328,0.06671
3662,0.03025,-0.06068
3663,-0.02150,-0.02786
3664,0.13934,-0.02822
3665,-0.03321,0.00578
3667,-0.06099,-0.04682
3668,0.01425,-0.01478
366A,-0.03047,-0.09383
3670,-0.00556,0.04201
3671,0.03572,-0.00688
3672,-0.00505,-0.08299
3673,0.06364,0.12463
3674,0.13654,-0.00283
3675,0.02005,-0.03404
3676,-0.06118,-0.02904
3678,-0.00617,-0.05004
3679,-0.02514,-0.04598
367A,-0.12292,0.11358
3680,0.03707,0.11007
3681,-0.03673,-0.08853
3682,0.02153,-0.05307
3683,-0.00991,-0.05942
3686,-0.00375,0.00890
3687,-0.00211,0.02709
368A,-0.06453,-0.07844
3690,-0.00832,-0.02048
3691,0.03220,0.03590
3692,-0.09496,0.15002
3694,0.01569,-0.03612
3695,0.02095,0.05913
3696,-0.02974,0.03960
3697,-0.07456,0.02231
3698,0.03161,0.00700
369A,-0.02132,-0.02578
3708,0.00343,-0.00782
370A,-0.00408,0.02859
3710,0.03748,-0.00288
3712,-0.03023,0.02165
3719,-0.06120,-0.04741
371A,0.00972,0.05103
3723,-0.03043,-0.02879
3726,-0.01648,-0.06166
3727,0.01974,-0.00589
372A,-0.07736,-0.05810
3733,0.05615,0.06504
373A,-0.01870,-0.02687
3741,0.05169,0.10283
3744,0.05356,-0.01225
3747,-0.04777,-0.01186
374A,0.02381,0.01877
3750,-0.01519,-0.02729
3753,0.03292,0.03878
3758,-0.00092,0.00136
375A,0.10888,-0.07060
3760,0.00164,-0.10561
3762,-0.04888,-0.03531
3763,-0.04805,-0.00736
3765,0.01459,-0.00236
3766,-0.02381,-0.06828
3768,0.01044,0.00248
3769,0.01905,-0.01317
376A,0.00536,0.05975
3771,-0.04505,0.02349
3772,-0.00209,0.05253
3773,0.03571,0.02048
3774,0.03215,0.07805
3776,-0.01305,-0.00722
3777,0.05300,0.08262
3778,0.01902,-0.01283
3779,0.12084,-0.05075
3787,-0.01207,-0.03825
3788,-0.03649,-0.08932
378A,-0.00269,0.00869
3791,0.15213,0.00522
3793,0.03787,0.02717
3796,0.03210,0.06648
3798,-0.00724,0.00531
3799,0.06402,0.08692
379A,-0.00841,-0.08001
3800,-0.06134,0.03132
3802,-0.01338,0.00015
3803,0.01904,-0.02010
3804,0.00809,0.04466
3807,0.06343,-0.01261
380A,0.01515,0.00475
3810,0.00253,0.02255
3815,0.00184,0.04516
3816,0.12055,-0.09060
3817,-0.00228,0.06913
381A,-0.02637,0.01846
3823,-0.00747,-0.03265
3825,0.12684,-0.06680
3826,0.07380,0.02016
382A,-0.01491,0.01737
3834,0.08565,0.12445
3835,-0.02316,0.00773
3836,-0.00323,0.03656
3837,0.01884,-0.00890
3839,-0.02467,-0.00553
383A,-0.05969,-0.06797
3840,0.01618,0.02545
3841,-0.03792,-0.03163
3842,0.07495,0.10196
3843,-0.01507,0.03032
3844,0.01389,-0.00351
3845,-0.08987,0.00228
3848,0.12308,-0.07760
3850,-0.02678,0.04655
3851,-0.14038,0.08758
3853,0.05286,-0.00922
3854,-0.00759,0.03667
3856,0.02672,0.02348
3858,-0.00782,0.01577
385A,-0.01018,0.05463
3861,0.04377,0.00174
3863,0.02078,0.03363
3864,0.01517,0.10463
3865,0.02145,0.01561
386A,0.12427,-0.02260
3877,-0.00301,-0.03392
3878,-0.05962,-0.07603
387A,0.00892,0.03055
3880,0.10046,0.06038
3891,-0.04232,-0.04756
3892,-0.01353,-0.03990
3895,0.06933,0.10836
3896,-0.03379,-0.05079
389A,-0.00498,-0.03568
3900,0.00409,-0.02039
3901,0.02538,0.08669
3902,0.02070,0.01556
3903,-0.00567,0.06124
3904,-0.14594,0.04828
3905,0.11694,-0.13612
3907,0.01335,-0.02700
3908,-0.03637,-0.00987
3909,0.02296,-0.02062
3910,-0.02408,0.04063
3911,0.11395,-0.08317
3912,-0.00898,-0.00130
3913,0.03600,0.08892
3914,-0.01506,0.02714
3915,-0.06487,-0.01564
3916,-0.03949,-0.05954
3917,-0.02444,0.00166
3918,0.02622,-0.02532
3920,-0.00272,-0.02252
3921,0.00287,0.00878
3922,-0.05692,-0.12872
3923,0.01496,0.03602
3924,-0.04396,-0.02347
3925,-0.00063,-0.11206
3926,-0.03002,-0.05758
3927,-0.06360,-0.08351
3928,0.05300,0.05141
3929,-0.11649,-0.00845
392A,-0.00719,-0.02110
3930,-0.00992,-0.05569
3931,0.03546,-0.01615
3932,-0.04021,-0.05128
3933,-0.15615,0.02929
3934,0.02147,0.06835
3935,0.01793,0.05514
3936,-0.08877,0.03899
3937,0.02201,0.03882
3939,-0.11769,0.02262
393A,-0.00888,-0.00373
3940,-0.03667,-0.04836
3941,-0.00930,0.01174
3943,-0.01996,0.06582
3944,0.07012,0.12521
3945,0.00236,0.02294
3946,-0.03570,0.03177
3947,0.03556,-0.02709
3948,0.01002,0.04788
394A,0.02987,0.10076
3950,0.05356,0.04773
3951,-0.02278,-0.04721
3953,-0.05131,-0.08853
3954,-0.01527,-0.01509
3955,-0.01106,-0.01978
3958,0.00348,0.10136
395A,-0.03681,-0.02373
3961,0.02257,0.01536
3962,0.02893,0.02065
3963,-0.05895,-0.08369
3964,-0.03972,-0.01539
3965,-0.03498,-0.00803
3967,-0.04494,-0.02336
3968,0.05060,0.05183
3969,-0.02670,-0.02320
396A,0.05100,0.10992
3970,0.02103,-0.00812
3974,-0.01082,0.00218
3976,-0.01700,-0.04173
3979,-0.10861,0.07600
3981,0.04765,-0.02596
3983,-0.05115,0.00939
3984,-0.00463,-0.07201
3985,-0.06448,-0.01212
3986,0.05247,0.05350
3987,-0.04099,-0.04851
3988,-0.07201,-0.07734
3989,0.01357,-0.01081
398A,0.04418,0.03366
3991,-0.01277,0.06335
3992,-0.09300,-0.13355
3993,-0.03543,-0.05550
3994,0.00241,0.00143
3996,-0.01476,-0.07501
3997,-0.04127,-0.06021
3998,0.03096,0.10826
399A,0.01700,-0.00198
4004,-0.01911,0.05475
4005,-0.02179,-0.05679
4008,-0.02808,-0.00387
4011,0.12213,-0.00524
4012,0.02301,-0.05048
4013,0.00538,0.00506
4014,-0.00314,-0.03398
4015,-0.03445,-0.05634
4016,0.03199,0.00537
4017,0.04474,0.01653
4019,-0.08711,-0.05144
401A,0.00449,-0.01704
4020,-0.00051,-0.01974
4021,0.01573,0.01345
4022,0.01024,0.11658
4023,-0.13252,0.06353
4025,-0.05290,-0.06929
4026,0.01370,-0.02128
4027,0.03820,0.06704
4028,-0.00472,0.00243
402A,-0.12696,0.04978
4031,-0.02399,0.02467
403A,-0.00292,0.05446
4040,0.15398,-0.07679
4041,0.00475,-0.02383
4042,-0.01058,-0.01889
4043,-0.03976,0.01820
4044,0.02099,-0.04243
4045,0.11690,-0.13497
4046,-0.01203,-0.04954
4047,0.07579,0.02083
404A,0.14728,0.06314
4051,0.09469,-0.02849
4052,0.02158,0.01429
4053,0.02042,0.09161
4054,-0.00562,0.07340
4055,0.02086,0.03109
4056,-0.03664,-0.06935
4057,-0.00128,-0.04128
4058,0.05726,0.02113
4059,-0.11002,0.06627
405A,0.05855,0.08920
4060,0.05066,0.05512
4061,-0.01593,-0.00375
4062,0.02656,0.04299
4063,0.02424,0.00735
4064,-0.03464,-0.05635
4068,-0.01040,0.02845
4069,0.03511,0.08159
406A,-0.04367,-0.00350
4071,-0.02155,0.02100
4072,-0.01168,0.03090
4073,0.01504,0.02438
4074,-0.00347,0.06792
4075,0.10825,-0.06631
4076,-0.02815,-0.05083
4078,0.00459,0.03137
407A,-0.04423,-0.02565
4082,-0.04213,-0.01027
4088,0.00036,0.02413
408A,0.06147,0.09830
4091,0.03313,0.03186
4092,0.01559,0.01145
4093,-0.06164,-0.05579
4094,0.04999,-0.01486
4095,-0.04379,-0.04847
4097,0.03010,0.02181
4098,0.12907,-0.03034
4099,0.00461,-0.01488
409A,-0.03316,0.00827
4100,-0.00125,-0.04658
4102,-0.08544,-0.09157
4107,-0.04590,-0.08526
4109,0.01470,0.04060
410A,0.01634,0.08504
4112,-0.03234,0.00325
4113,-0.13295,0.11076
4114,0.03254,0.01837
4116,-0.02531,-0.02397
4118,-0.11863,0.05975
4119,-0.03539,-0.06297
411A,0.10247,-0.05427
4120,0.02464,0.09819
4124,0.06246,0.06356
4125,0.02170,0.11980
412A,0.06994,0.03797
413A,-0.04263,-0.02916
414A,0.03831,-0.03931
4151,0.03171,0.15138
415A,-0.02811,-0.06800
4165,0.02668,0.02359
4166,0.04125,0.01211
4167,-0.04335,-0.06878
4168,-0.04540,-0.04850
4169,-0.00118,-0.07413
416A,0.03320,0.00991
4170,0.07685,-0.10308
4171,-0.04853,-0.02837
4172,-0.00740,0.02339
4174,-0.03782,-0.02231
4175,0.04898,0.00560
4176,0.02851,-0.03404
4177,0.03317,0.03046
4178,0.00483,0.13095
4179,-0.02909,-0.12240
417A,-0.06758,-0.08075
4180,0.01218,0.04691
4182,0.15397,-0.06036
4183,-0.04281,-0.00307
4186,0.03955,-0.00850
4187,-0.06633,-0.09633
4188,0.02601,0.03972
4189,0.03891,0.08892
4192,-0.04193,-0.03989
4193,-0.06342,-0.03299
4194,-0.02580,0.00486
4196,-0.01281,-0.08717
4197,-0.02797,-0.05143
4198,0.00810,0.02282
4199,0.00386,0.02012
419A,0.00504,0.08277
4202,-0.01869,0.05552
4203,-0.07256,-0.11875
4204,0.02040,0.01517
4205,-0.02767,-0.03222
4206,-0.03938,-0.03729
4208,0.01404,0.04416
4212,-0.00344,-0.01200
4216,0.00498,-0.02098
4218,-0.06302,-0.10645
421A,-0.04834,-0.04827
4220,-0.07880,-0.06899
4221,-0.00992,-0.04996
4222,0.01177,0.08430
4224,-0.11603,0.13639
4228,-0.02132,-0.00666
4229,-0.02230,-0.01873
422A,0.01501,0.00206
4231,-0.12509,0.02794
4234,0.02602,0.00699
4235,-0.00176,-0.03457
4237,-0.05135,-0.07153
4238,-0.00875,-0.00248
423A,0.03685,0.04357
4240,-0.10377,0.10641
4241,0.03645,0.12253
4242,0.04224,0.01086
4243,0.00470,-0.05821
4245,-0.00296,-0.00110
4246,-0.02579,-0.05065
4247,0.15091,-0.05913
4248,-0.02809,-0.05130
4249,0.03171,0.01647
424A,0.02305,0.01683
4251,-0.02641,0.04965
4255,0.02950,0.08064
4256,-0.00619,-0.09366
4258,-0.03130,0.00447
4259,-0.12090,0.07583
425A,-0.05771,-0.09284
4260,-0.04162,-0.08923
4261,-0.10931,0.09667
4262,-0.00416,0.08452
4263,-0.02726,-0.03678
4264,0.02090,-0.04021
4265,0.00868,0.00938
426A,-0.01854,-0.07480
4270,-0.01618,0.00197
4272,-0.02677,-0.09083
4274,0.02289,0.08081
4275,0.02553,0.07302
4284,-0.04118,-0.08302
4286,-0.11861,0.11185
4287,0.08110,0.11632
4288,0.02935,0.01906
428A,-0.02305,-0.08159
4290,0.00872,0.06581
4293,0.00728,0.03039
4299,0.03799,-0.00604
429A,-0.03585,-0.10893
4301,-0.01708,0.01351
4307,-0.04150,-0.02593
4308,-0.01321,-0.02864
430A,-0.04825,0.02340
4310,-0.01377,-0.04197
4316,0.03855,0.01122
4317,-0.00303,-0.03912
4318,-0.00399,-0.01042
431A,0.05860,0.05941
4320,0.06566,0.08409
4323,0.02503,0.09234
4324,-0.11808,0.15938
4326,-0.06788,-0.05420
432A,0.06433,-0.01273
4331,-0.04851,-0.03957
4333,0.02758,0.00340
4334,0.08766,-0.11346
4335,0.02802,0.05941
4337,0.00995,0.05910
433A,-0.00709,0.09732
4341,-0.03478,-0.04422
4343,0.11107,-0.07095
4344,-0.01129,0.02153
4345,-0.02801,0.01306
4346,0.03000,0.00872
4347,0.01112,0.03871
434A,0.00079,0.06567
4350,0.01629,-0.01141
4351,0.01625,0.02721
4356,-0.01736,0.02878
435A,0.01362,0.02815
4360,0.02408,0.14337
4361,0.02685,0.06466
4362,-0.02938,-0.02332
4365,-0.03124,-0.07640
4366,0.02013,0.05497
4367,-0.00745,0.05060
4368,-0.02877,-0.03046
4369,-0.00417,0.05641
436A,-0.10272,0.10850
4370,0.02743,-0.06768
4371,0.11330,-0.04972
4372,0.00785,-0.00019
4373,0.00299,-0.00166
4374,-0.00128,-0.04031
4375,-0.02311,0.01229
4376,0.00993,0.08066
4377,0.04634,0.07096
4378,0.00225,-0.05056
4379,0.00814,-0.03318
437A,-0.02583,0.02869
4380,-0.06917,-0.06503
4381,0.00301,0.06048
4382,0.01813,-0.05528
4384,0.06221,0.00847
4385,0.02481,0.01073
4386,0.15248,-0.07104
4387,0.00575,0.00777
4388,-0.00807,0.07605
4389,0.00967,-0.05424
438A,0.00074,0.06274
4390,-0.05704,-0.04107
4391,-0.02429,-0.04369
4392,0.05671,0.01009
4393,0.14446,-0.04049
4394,0.08294,0.02792
4395,0.06742,0.09482
4396,-0.01198,-0.02291
4397,-0.00866,-0.01382
4398,0.12169,-0.10322
439A,0.00133,0.07538
4401,-0.01863,0.10382
4403,-0.03449,-0.06635
4404,-0.02113,0.01287
4406,0.00962,-0.01547
4409,-0.12351,0.07326
4410,-0.02497,-0.02143
4412,0.02999,0.02047
4413,-0.05160,-0.07719
4414,-0.05034,0.02976
4415,0.00976,-0.04289
4416,-0.04241,-0.04995
4417,0.06840,0.02540
4418,0.02197,0.08926
4419,-0.01801,-0.07154
441A,-0.00610,0.02400
4420,-0.02813,-0.03434
4421,-0.09880,0.00192
4422,0.11478,-0.05203
4424,0.00823,0.04015
4425,-0.01122,-0.08822
4426,0.02818,0.11208
4427,-0.04442,-0.03690
4428,0.01509,0.04786
4429,-0.00083,-0.02156
442A,-0.02640,-0.02186
4430,0.02559,0.03473
4431,0.00019,-0.05705
4432,-0.08771,-0.11296
4433,-0.00950,-0.02105
4434,-0.00360,0.06208
4436,0.00148,0.06557
4437,-0.00918,-0.02670
4438,0.06710,0.03373
4439,-0.01237,0.05339
443A,0.12039,-0.08748
4440,-0.04035,0.06310
4441,-0.11700,0.11036
4442,0.00842,-0.07601
4443,-0.03554,-0.02305
4444,0.02263,-0.05722
4445,-0.00317,0.06856
4446,0.00300,-0.04116
4447,0.03646,0.07397
4448,0.03856,0.07610
4449,0.05163,0.04198
444A,-0.04517,-0.05023
4450,0.04322,-0.04807
4452,0.00797,0.00267
445A,0.07099,0.07423
4461,0.00696,0.01517
4462,-0.00321,0.00433
4463,0.01220,-0.03252
4464,0.06088,-0.01145
4465,0.06822,0.00996
446A,0.02757,-0.00319
4471,0.03195,0.09767
4475,0.14211,-0.09284
4476,0.10822,-0.04638
4477,-0.04424,-0.06065
4478,-0.04837,-0.05989
4479,0.06500,0.14486
447A,-0.03616,-0.11557
4480,0.09767,-0.12320
4481,-0.02298,-0.03202
4482,-0.02229,0.02287
4483,0.01828,-0.01040
4484,0.05117,0.03571
4486,0.00475,0.05687
4487,0.01650,0.03854
4488,0.11951,-0.07001
448A,-0.08088,-0.08499
4490,0.05445,0.03873
4491,-0.02762,0.00702
4492,-0.04282,-0.03640
4493,0.05982,0.07861
4494,-0.01226,-0.05807
4495,-0.00065,0.00440
4496,-0.05177,-0.01961
4498,0.05860,0.06792
4499,0.03258,0.03970
449A,0.02833,-0.01446
4502,-0.00931,-0.02117
4503,0.00601,0.08713
4506,-0.07527,0.01973
4507,-0.03932,-0.07749
450A,-0.01599,-0.04196
4512,-0.02976,-0.03337
4516,-0.03114,0.02116
4519,-0.00217,-0.04135
451A,0.00842,0.05373
4521,0.02824,0.00340
4523,0.01939,0.02853
4524,-0.01862,-0.01364
4526,0.05252,0.05248
4527,0.00809,0.00097
4528,0.04872,0.00176
452A,-0.02032,-0.03997
4530,-0.02391,0.01126
4531,-0.06349,-0.07863
4534,0.02912,0.01334
4536,-0.00030,-0.00608
4538,0.06576,0.04794
4539,-0.03197,0.01527
453A,-0.00048,-0.00818
4540,-0.02942,0.03536
4543,0.00627,-0.03382
4544,-0.03283,-0.02274
4547,0.05388,0.00231
4548,-0.05067,0.02403
4549,-0.00386,-0.02800
4552,0.00477,-0.04711
4553,0.12324,-0.09450
4554,0.02275,0.00676
4556,-0.02875,-0.03756
4558,0.00279,0.00138
4559,0.01748,0.08644
455A,-0.03361,-0.00607
4563,-0.01884,0.05247
4564,0.02484,0.07103
4565,0.02817,0.04868
4568,0.02377,0.01563
4569,-0.04794,-0.12278
456A,-0.05036,-0.01916
4570,0.04205,0.06122
4571,0.03328,0.01799
4572,0.03271,0.05634
4574,0.02800,0.00674
4575,-0.04231,-0.01734
4576,-0.04942,-0.02025
4577,0.03489,-0.02563
4578,-0.00267,-0.02532
4579,-0.01640,0.00066
457A,-0.05374,0.00830
4582,-0.01933,-0.14169
4583,0.11304,-0.09143
4584,-0.00125,0.11133
4586,0.02473,0.06001
4587,-0.10054,0.10602
4588,-0.04349,-0.02046
458A,0.03771,0.08619
4591,-0.02998,-0.03198
4592,0.05818,-0.05234
4593,-0.02225,0.02375
4594,0.01339,0.01703
4595,0.02217,0.03991
4596,0.02737,0.07049
4597,-0.02425,0.01162
4598,0.01417,-0.01532
4599,0.01437,-0.05020
459A,-0.01037,-0.05753
460A,0.01429,-0.07596
4611,-0.02910,0.02080
4612,0.04162,0.04401
4613,-0.04412,-0.10831
4615,-0.02766,-0.00040
4616,-0.01189,-0.02469
4617,0.00120,-0.00197
4619,-0.05510,-0.01757
461A,0.03161,0.00311
4620,-0.10794,0.15074
4623,-0.00208,-0.04360
4624,0.00527,-0.03746
4625,-0.02212,-0.04242
4626,0.02840,0.05895
4627,-0.00724,0.01035
4628,0.01944,-0.03305
4629,0.04023,0.05560
462A,-0.00295,-0.03502
4631,-0.04123,-0.05069
4633,0.02361,0.02862
4634,0.05594,0.07841
4635,-0.04682,0.01876
463A,0.00984,-0.00654
4641,0.04221,0.05433
4642,0.00819,-0.06081
4644,0.00566,0.07626
4645,0.00185,-0.03793
464A,0.11993,-0.00975
4650,-0.01201,-0.05169
4651,0.00268,0.00029
4657,-0.04220,-0.00755
4658,-0.05300,-0.05951
4659,-0.03374,-0.08655
465A,0.04624,0.07536
4661,-0.02093,-0.01581
4662,-0.01798,-0.00484
4664,0.00049,-0.01155
4665,-0.03422,-0.07074
4666,-0.03249,-0.03222
4667,0.03887,-0.03175
4668,-0.04846,-0.04614
466A,-0.02552,-0.00603
4671,0.02398,0.01549
4673,-0.05041,-0.06474
4674,-0.03762,0.00359
4676,0.03196,0.00313
4678,0.03980,0.07045
4679,0.04330,0.05602
467A,0.05323,0.11885
4680,0.13904,-0.04552
4681,0.01478,-0.00510
4684,-0.01009,-0.08227
4685,0.04265,0.03319
4686,-0.03035,-0.02549
4687,0.02164,0.02463
4689,0.01119,0.01690
468A,-0.06531,-0.08385
4690,0.07801,0.15607
4691,-0.02621,-0.11926
4694,0.03808,0.08877
469A,-0.10565,0.10661
4704,0.06682,-0.00014
4705,-0.00581,-0.03881
4707,0.00441,0.01201
4709,-0.02508,0.02913
470A,-0.10073,0.09764
4712,0.12057,-0.12613
4714,0.02300,0.11175
4716,-0.00199,0.00997
4718,0.06320,0.19099
4719,0.00443,0.04945
471A,-0.04410,-0.04233
4720,-0.01565,-0.00570
4722,-0.05724,-0.05039
4725,0.00568,-0.03372
4728,0.09372,0.07019
472A,0.07944,0.03900
4732,-0.03423,-0.00619
4733,-0.02982,-0.01663
4735,0.00353,-0.01907
4736,0.00750,-0.01102
473A,0.14144,-0.08133
4743,0.01872,0.03215
4746,0.00647,-0.02739
4750,0.02478,-0.02555
4751,0.02168,0.00797
4752,0.11514,-0.06261
4754,0.00992,0.04046
4755,0.02697,-0.02863
475A,0.02792,-0.03497
4760,0.01352,0.02798
4761,0.01641,-0.00825
4762,0.01025,-0.01606
4763,0.03086,0.04476
4765,-0.07057,-0.02078
4766,-0.03655,-0.03544
4767,-0.08304,-0.03014
4768,0.08156,0.02896
4769,0.00127,0.11268
476A,0.05263,0.11748
4771,-0.06253,-0.11718
4772,-0.03854,0.00181
4776,0.00861,-0.02289
4777,0.02651,0.00333
477A,-0.00390,0.05142
4783,-0.00283,-0.06324
4784,0.10447,-0.08418
478A,-0.00763,-0.00879
4792,0.02367,-0.00439
479A,-0.12510,0.08931
4800,0.03830,0.02780
4801,0.06259,0.01904
4809,0.01552,0.00029
480A,0.13337,-0.08152
4811,0.01642,0.04462
4812,0.02456,-0.03256
4813,-0.02541,0.01120
4814,0.03237,0.09993
4816,-0.04411,-0.01911
4819,0.09432,0.12451
481A,-0.00897,-0.00981
4820,0.01432,0.02851
4825,0.02090,0.05036
4826,-0.01709,-0.02835
4828,0.01214,-0.01903
4829,0.01218,-0.00657
4832,0.02019,-0.00887
4833,-0.04408,0.02053
4838,0.02213,-0.00723
4839,-0.06038,-0.07379
483A,0.02551,0.02448
4840,0.12074,-0.01649
4845,-0.07460,0.11695
4847,-0.03578,0.07491
4848,-0.01027,-0.00627
4849,-0.02865,-0.03208
484A,-0.06254,-0.07143
485A,-0.01974,0.01808
486A,0.12954,-0.00174
4875,-0.02976,-0.05398
487A,0.04204,0.05445
4880,-0.02292,-0.02655
4881,0.00796,0.07295
4882,-0.01221,-0.03773
4883,0.04040,0.05530
4884,-0.11173,0.09166
4885,-0.06332,-0.06967
4886,0.00434,0.04428
4887,-0.00389,0.02105
4888,-0.07295,-0.09328
4889,-0.04846,-0.08334
488A,0.11419,-0.10676
4890,-0.02726,-0.03137
4891,-0.00624,-0.01643
4892,0.01691,-0.00527
4893,0.04103,0.06221
4894,0.01847,0.01777
4896,0.01128,-0.02360
489A,0.01286,0.01746
4901,0.01424,0.00098
4902,0.01194,0.08975
490A,0.03742,0.00014
4911,-0.00324,0.01547
4912,-0.03911,0.06268
4914,0.08504,0.03459
4917,0.03169,0.01652
4918,-0.01742,-0.02482
4919,0.05997,0.07740
491A,-0.02803,-0.01187
4920,-0.00030,0.06073
4922,-0.01908,0.05164
4923,-0.00773,-0.00351
4925,-0.01717,-0.05399
4926,-0.04068,-0.03104
4927,0.04033,0.08077
4928,0.00956,0.00537
4929,-0.03551,-0.08089
492A,-0.03083,-0.03569
4931,-0.04161,-0.06356
4932,-0.08364,-0.11125
4933,0.00983,0.05979
4934,0.00891,0.05670
4935,0.03047,0.06533
4936,0.05281,0.09809
4937,-0.04422,-0.05415
493A,-0.07184,-0.06286
494A,0.03980,0.02767
4951,0.11510,-0.06557
4956,-0.06809,-0.01908
4957,-0.03924,-0.06474
4958,-0.01546,-0.00631
495A,-0.01168,-0.03794
4960,-0.04767,-0.12816
4966,-0.01945,-0.04323
4967,0.00422,-0.02124
4968,-0.02308,0.13840
496A,0.03205,0.12525
4970,-0.00779,-0.01370
4971,0.06416,0.06608
4972,-0.02190,-0.01179
4973,0.05419,0.03565
4974,0.01310,0.00358
4975,0.01063,0.03377
4976,-0.04769,-0.11589
4977,-0.05954,-0.05195
4978,-0.13547,0.07247
4979,0.00155,0.00083
497A,-0.04692,-0.01729
4980,-0.03285,-0.01707
4985,-0.02802,0.03050
498A,0.10207,-0.13849
4990,-0.02000,-0.13470
4992,0.03823,-0.03451
4994,-0.01153,-0.02222
4996,-0.02028,-0.05730
4997,0.00619,0.00825
4998,0.02554,0.04401
499A,0.00653,0.03447
500A,-0.04639,-0.01475
5010,-0.00245,-0.03554
5011,0.02315,0.00556
5013,-0.03792,-0.07296
5015,-0.02131,-0.02548
5016,-0.02500,0.02131
5018,0.03255,0.05187
5019,0.00194,-0.00585
501A,-0.00830,-0.06683
5020,0.06772,0.07186
5021,-0.03912,-0.02082
5022,0.02250,-0.03666
5025,-0.01903,-0.00756
5026,0.00029,-0.03749
5027,0.02833,0.00544
5028,0.00529,0.03941
5029,0.06341,0.06258
502A,0.00087,0.07072
5031,-0.08306,-0.06111
5032,-0.03554,-0.11458
5033,0.02308,0.00325
5034,-0.02325,-0.02959
5035,0.02844,0.11165
5036,-0.13946,0.06254
5037,-0.03023,-0.04585
5038,-0.03784,-0.06073
503A,0.01146,-0.05125
504A,0.07318,0.07834
505A,-0.00738,-0.01081
506A,0.01928,0.04709
5071,-0.03518,-0.05315
5072,0.13283,-0.09853
5074,0.01325,0.02473
5076,0.08083,0.09882
50765,0.04542,0.11653
5077,0.02696,0.01430
5078,-0.00574,0.05727
5079,-0.07635,0.11023
507A,-0.01066,-0.04584
5101,0.00573,-0.02463
5103,-0.00748,-0.02959
5105,0.04232,0.02979
5108,-0.00370,-0.04065
510A,-0.02699,-0.04329
5110,-0.03572,-0.02070
5121,0.01497,-0.02118
5122,-0.04323,-0.03174
5125,-0.02121,-0.06832
5126,-0.01596,-0.02653
5129,0.00406,-0.03615
512A,0.15617,-0.00192
5130,0.02254,0.05862
5131,0.03808,0.00529
5132,-0.00898,0.00011
5133,-0.04431,-0.07459
5134,0.00943,0.06222
5135,0.01173,0.01663
5136,-0.02749,-0.00018
5137,0.07855,0.04851
5138,-0.00158,0.01001
5139,-0.02471,-0.03810
513A,0.07476,0.02774
5142,0.02633,-0.02772
5161,0.07886,0.05550
5162,0.02522,0.06209
5184,-0.10234,0.10189
5185,0.02051,-0.01289
5186,-0.01053,-0.03749
5187,0.05608,0.08227
5189,-0.03937,-0.08952
5192,0.01844,-0.02425
5194,0.00654,-0.03528
5195,0.00252,0.03268
5199,-0.03511,-0.01880
5201,-0.02343,0.00144
5202,-0.01684,0.03631
5204,0.02489,-0.05384
5208,-0.06105,-0.00314
5210,0.00011,-0.01151
5214,0.04594,0.10780
5216,0.07689,0.05539
5218,-0.09581,-0.10726
5232,-0.06999,0.02789
5233,-0.03750,-0.07625
5237,0.02199,0.06558
5240,-0.02561,-0.04146
5242,0.05099,-0.05146
5243,0.00436,0.03265
5244,-0.03260,-0.10313
5246,0.09805,-0.07354
5247,-0.04270,-0.02949
5248,0.02985,0.03214
5249,-0.03523,-0.03264
5250,-0.02917,-0.00546
5251,0.00365,-0.02760
5252,0.00485,-0.05485
5253,-0.03700,-0.13034
5254,0.03893,-0.00317
5255,-0.04799,-0.07442
5256,0.00474,-0.04406
5257,-0.00187,-0.02514
5258,0.02044,0.00743
5259,0.00663,0.02970
5261,-0.07138,-0.08454
5262,0.01254,0.00283
5268,-0.00708,-0.02485
5269,0.03383,0.06124
5271,0.14758,-0.04325
5273,0.04402,0.02303
5279,0.01543,0.02499
5280,-0.03136,0.02554
5282,0.04178,0.08745
5283,0.01324,0.02072
5284,-0.01473,0.02049
5285,0.11345,-0.05653
5287,-0.00940,-0.02888
5288,0.05484,0.11059
5290,-0.02468,-0.05186
5301,-0.12714,0.08512
5302,-0.04856,-0.01261
5304,-0.01339,0.05837
5310,0.02088,-0.04824
5331,-0.01286,0.00397
5332,0.07492,-0.00991
5333,0.00525,0.05916
5334,-0.01094,0.02133
5337,-0.05880,-0.01315
5341,0.13743,-0.05182
5344,0.02559,-0.00424
5351,-0.02721,-0.00841
5352,-0.00523,-0.00889
5355,0.00111,-0.05747
5356,0.02335,0.01021
5357,0.10987,-0.09904
5363,0.02985,0.10675
5367,-0.02758,-0.02770
5368,0.02429,0.04596
5380,-0.02356,0.00501
5381,0.01322,0.00514
5384,-0.00472,0.00701
5386,0.05401,-0.01517
5388,-0.01462,0.05446
5391,0.03475,0.02079
5393,0.00572,0.00206
5401,-0.01204,0.05351
5406,-0.09560,-0.10937
5408,-0.00251,0.01905
5410,-0.05795,0.01467
5411,-0.02063,-0.03254
5423,0.00995,0.05759
5440,-0.02174,-0.01141
5444,0.03828,0.08066
5445,0.03327,-0.02250
5446,0.01892,-0.02646
5449,-0.14130,0.04690
5451,0.09285,-0.07284
5458,0.08758,0.08813
5461,0.02511,0.03203
5463,0.00988,-0.00796
5464,0.03650,0.02336
5471,0.00497,-0.06801
5480,-0.02838,-0.06084
5482,0.05128,0.04280
5484,0.00177,-0.08231
5491,0.05006,0.07368
5525,-0.05263,-0.10609
5527,-0.11791,0.05939
5528,0.01571,0.04547
5531,0.01849,-0.05820
5532,0.13218,-0.10761
5533,-0.05059,-0.00449
5534,-0.02636,-0.08708
5535,0.02821,-0.04735
5536,-0.01801,-0.05894
5537,-0.02825,0.01321
5541,0.07967,0.15887
5542,-0.00720,0.00983
5563,0.01520,0.01425
5570,0.00768,0.00030
5571,-0.01657,0.00721
5572,-0.03024,-0.04696
5573,0.07933,0.08284
5574,0.05111,0.05733
5575,-0.01410,-0.03052
5576,-0.00678,0.05469
5578,0.00388,-0.02683
5580,-0.03361,-0.10289
5581,-0.03070,-0.04634
5582,-0.03920,-0.11083
5584,-0.00654,0.00006
5586,0.02467,0.03652
5587,0.13180,-0.06186
5588,0.02393,0.04070
5589,-0.03945,-0.06620
5590,0.07005,-0.00870
5591,0.04876,0.05795
5592,-0.00679,-0.01594
5594,0.00441,-0.01698
5597,0.01531,0.01655
5598,0.15920,-0.09091
5599,0.06251,0.00540
5602,-0.01299,0.00791
5603,-0.08068,-0.11986
5609,0.03259,0.03903
5612,-0.06135,-0.08649
5616,-0.02452,-0.09586
5617,-0.02721,-0.02557
5618,-0.00882,0.01751
5619,0.00904,0.05013
5620,0.01331,0.02515
5621,-0.03188,-0.01433
5622,-0.04497,0.00708
5631,-0.00493,-0.05961
5632,0.00150,-0.00238
5644,-0.01889,-0.01647
5658,-0.05392,-0.04894
5659,-0.06537,-0.06988
5660,0.15237,-0.03710
5695,0.02371,0.03872
5697,0.06602,-0.03988
5698,-0.03773,0.04395
5699,0.03903,0.04874
5702,-0.03098,-0.00543
5703,-0.03517,-0.01301
5704,-0.03440,-0.07912
5706,0.00919,-0.05377
5707,0.01853,0.05975
5711,-0.02375,-0.05797
5713,0.13892,-0.08660
5714,-0.00401,0.03538
5715,0.04238,0.10751
5721,-0.09838,0.13150
5724,0.05115,0.00374
5726,0.11248,-0.12121
5727,0.03529,-0.03406
5729,-0.06619,-0.10666
5741,0.01297,-0.01824
5742,-0.01192,0.01261
5753,0.00166,0.05886
5757,0.06570,-0.01738
5801,-0.07043,-0.07604
5802,0.02873,0.02383
5803,-0.00393,0.03564
5805,-0.01365,0.07595
5816,-0.00411,0.01102
5817,0.11761,-0.05982
5819,-0.00420,0.00566
5820,-0.02453,-0.08235
5821,-0.00828,-0.02772
5830,-0.02001,-0.03152
5831,0.03361,-0.03471
5832,-0.01539,-0.01436
5834,-0.01247,-0.00076
5838,0.02077,0.06641
5840,-0.00743,-0.00607
5842,-0.01062,0.06697
5843,0.03737,0.01500
5844,-0.05148,-0.05188
5845,0.04013,0.04159
5851,-0.09444,0.09715
5852,-0.07097,0.02697
5856,-0.01233,0.02795
5857,0.00425,0.02379
5858,0.05435,0.06939
5866,-0.04577,-0.11010
5867,-0.03759,0.00340
5868,0.00713,0.02564
5869,-0.02568,0.02130
5870,0.00226,0.06333
5871,0.00197,-0.01358
5883,-0.07751,-0.11346
5884,-0.00939,-0.03229
5885,0.01386,0.02385
5886,0.04445,0.08459
5887,-0.06288,-0.07975
5888,-0.03742,-0.04687
5889,-0.01747,-0.05111
5890,-0.09483,-0.10117
5891,-0.01607,-0.00553
5892,0.02073,-0.00475
5893,0.00890,-0.04987
5900,-0.03335,-0.02749
5901,-0.02903,-0.02360
5902,0.04528,0.11105
5903,0.04689,0.14549
5905,0.00260,-0.02503
5906,0.01681,0.06496
5909,0.02332,-0.00168
5911,0.01510,-0.00418
5915,-0.07059,-0.02384
5918,0.00288,0.02218
5921,0.01258,-0.00574
5922,-0.01674,-0.03415
5923,-0.02174,-0.02184
5928,-0.02950,-0.01847
5929,-0.03170,-0.07278
5930,-0.03523,-0.04674
5932,0.05815,0.13993
5933,0.02608,-0.00810
5936,-0.03700,-0.06170
5938,-0.01675,-0.06425
5939,0.06703,0.00340
5940,-0.00228,-0.02444
5941,0.03994,0.08202
5942,-0.13487,0.09781
5943,-0.01503,-0.02670
5945,-0.01911,-0.01951
5946,-0.01944,0.00636
5947,0.00872,-0.03790
5949,0.03828,0.01570
5950,0.03595,-0.06770
5951,0.04226,0.04460
5952,0.00651,0.02954
5955,0.07718,0.12261
5956,-0.11964,0.11036
5957,0.01315,0.03830
5958,0.01761,0.08455
5959,0.07323,0.06905
5962,0.05759,0.09386
5965,-0.01343,-0.02370
5966,-0.05244,-0.05203
5967,-0.02010,-0.03676
5969,-0.06962,-0.08257
5970,0.00676,-0.04738
5971,-0.10803,0.05720
5973,0.11644,-0.03236
5974,-0.04112,-0.04065
5975,-0.03668,0.00755
5976,0.02448,0.07111
5981,-0.01437,-0.06730
5982,0.02747,-0.00998
5983,-0.11402,0.10935
5984,-0.01818,-0.01148
5985,0.04002,0.04800
5986,0.08868,0.07375
5987,-0.08012,-0.09877
5988,-0.04737,-0.09887
5989,0.00983,-0.01255
5990,0.02930,0.10304
5991,-0.05152,-0.09267
5992,0.05056,0.02487
5994,-0.01241,-0.07676
5997,-0.01335,0.01931
5998,0.03491,0.10088
6005,0.00601,0.04943
6013,-0.01213,-0.06823
6016,-0.03536,-0.05256
6018,-0.01003,-0.07249
6022,-0.01046,0.02401
6023,-0.03182,-0.08208
6027,-0.01492,0.00609
6029,-0.01931,-0.04923
6030,0.07355,0.05485
6031,0.03250,-0.05356
6033,-0.02926,0.05480
6034,-0.01469,0.04706
6035,-0.05673,-0.07475
6036,0.02252,0.04608
6037,-0.04819,-0.04565
6038,0.01669,-0.07195
6039,0.06914,0.05337
6040,0.12444,-0.04566
6042,-0.04538,-0.05461
6044,-0.02790,-0.05736
6045,-0.00052,0.04693
6046,0.01391,0.04482
6047,0.02272,0.03528
6049,-0.02214,-0.03917
6050,0.00811,-0.00353
6054,-0.00886,0.01362
6055,0.01110,0.01326
6058,0.03714,0.07653
6059,-0.00162,-0.01715
6061,-0.00728,-0.02428
6062,0.00589,0.01051
6063,0.01358,0.00121
6069,0.03001,0.02314
6070,-0.06983,-0.09906
6071,0.01825,0.02675
6072,-0.01806,-0.03069
6073,-0.03835,-0.09330
6074,-0.05654,-0.07398
6078,0.00411,0.04512
6080,-0.02998,-0.03657
6081,-0.01160,-0.06975
6082,-0.11308,0.11155
6083,-0.15386,0.00118
6085,0.02071,0.00912
6086,0.05186,0.04082
6087,-0.04123,-0.02087
6088,-0.05946,-0.02015
6089,0.00028,0.05194
6090,-0.07074,-0.03949
6091,-0.01708,0.00092
6092,0.10869,-0.08769
6093,-0.00501,0.04273
6094,-0.01733,-0.00059
6096,0.01668,0.01819
6098,-0.04355,-0.00907
6099,0.00997,0.06554
6101,0.03963,0.04095
6103,0.01275,0.04712
6104,-0.07293,-0.07748
6113,0.03633,0.04961
6118,-0.00043,0.04314
6125,-0.00473,0.00175
6134,0.00595,-0.04392
6135,0.09109,0.00869
6136,0.04006,0.02453
6137,-0.02002,-0.05241
6138,0.00358,-0.03639
6140,-0.12308,0.08106
6141,-0.00218,0.00210
6143,-0.00600,0.00623
6144,0.00411,-0.02788
6145,-0.00686,0.03126
6146,0.00305,0.02344
6147,-0.06206,-0.02154
6149,-0.01046,0.06167
6150,-0.05392,-0.07831
6151,-0.00504,0.04496
6155,0.01515,-0.08000
6156,-0.02372,0.03425
6157,0.04502,0.01455
6158,0.07067,0.04704
6159,-0.04089,-0.01360
6161,-0.05588,-0.03990
6165,-0.01650,-0.04747
6166,0.01798,0.01729
6167,-0.04200,-0.04338
6168,-0.05477,-0.03145
6171,0.06011,0.03588
6173,0.00993,-0.07096
6174,-0.01686,-0.04162
6176,0.03725,-0.03712
6177,-0.01846,-0.07664
6178,0.00070,-0.02458
6180,-0.04110,-0.06624
6181,0.05565,0.10627
6182,-0.02495,0.02118
6183,0.00173,0.01828
6184,-0.03310,0.02314
6185,-0.01974,0.05924
6186,0.03281,0.02132
6189,0.03663,-0.00127
6190,0.00767,0.07320
6191,0.02156,-0.09735
6193,-0.02182,-0.01890
6194,0.07042,0.10801
6195,0.02070,0.03104
6196,-0.05111,-0.11924
6197,-0.02142,-0.02476
6198,-0.00037,-0.00397
6199,0.03901,0.01582
6200,0.01337,-0.01051
6201,0.02066,0.02352
6203,-0.00646,-0.00894
6208,-0.03473,0.00804
6209,-0.00344,0.08026
6210,-0.06568,0.12046
6217,-0.03180,-0.10088
6218,0.02888,0.06401
6222,-0.13371,0.11125
6223,0.04405,0.10195
6224,-0.03023,-0.01874
6226,0.00156,0.09937
6227,-0.00181,0.14369
6228,-0.06882,-0.02671
6229,-0.04666,-0.08070
6230,-0.05274,-0.03611
6231,-0.00391,0.07196
6232,0.02632,0.01675
6233,0.02728,0.01717
6235,-0.00307,0.01558
6237,-0.04593,-0.00996
6238,0.01867,0.06434
6239,0.00794,-0.00720
6240,0.05660,-0.01470
6245,-0.12026,0.02762
6246,0.15207,-0.05611
6247,-0.04045,-0.04794
6248,0.15127,-0.02669
6249,0.01193,0.03879
6250,-0.05958,-0.06800
6254,0.02484,0.08752
6255,-0.02984,-0.07193
6257,-0.04118,0.04037
6258,0.01505,0.00418
6262,-0.01548,-0.02895
6264,0.12911,-0.09998
6265,0.14295,-0.07270
6266,-0.01131,-0.01930
6267,-0.03871,-0.05017
6268,0.00714,0.01576
6269,-0.01773,-0.03549
6272,0.01173,0.01376
6273,-0.03582,0.03059
6276,-0.00932,-0.01424
6277,-0.13579,0.10580
6278,-0.00430,-0.00668
6279,-0.03835,-0.11632
6282,-0.11628,0.11972
6284,-0.00751,0.00432
6286,0.00302,0.02032
6287,0.04327,0.10983
6289,0.00995,0.07727
6291,-0.07127,-0.03786
6292,0.00411,0.06964
6293,-0.01804,-0.03353
6294,0.00634,-0.06736
6298,-0.06115,0.11328
6301,-0.04811,-0.10211
6302,-0.05934,-0.04534
6305,0.02129,-0.07309
6306,-0.00816,0.06796
6307,-0.00062,0.05108
6309,-0.03414,0.01704
6310,0.02227,0.08133
6315,-0.03589,-0.07017
6316,0.07195,-0.12871
6317,-0.02529,-0.04640
6322,0.04563,0.09619
6323,-0.00069,0.03153
6324,0.03469,0.01287
6325,0.02928,0.01886
6326,-0.00434,-0.00078
6327,0.01177,0.00654
6328,0.07917,0.10968
6330,-0.07058,0.00064
6331,0.03435,0.09292
6332,-0.09856,0.04849
6333,-0.06424,-0.08494
6334,-0.00497,0.01254
6335,0.01205,-0.04475
6336,0.05273,0.05809
6337,0.01659,0.02316
6338,-0.02414,-0.02302
6339,-0.02688,0.06160
6340,0.04227,0.04853
6342,-0.00410,-0.08127
6343,0.05648,0.06941
6345,0.05302,0.03575
6346,-0.10722,0.04200
6347,-0.04243,-0.05214
6349,-0.01800,0.02392
6351,-0.00499,-0.00351
6356,-0.03406,-0.02006
6357,0.02013,0.00597
6358,0.01299,0.01269
6360,-0.02433,-0.05928
6361,0.01490,0.04021
6363,-0.02905,-0.07730
6364,0.02365,0.01116
6365,-0.05518,-0.00783
6366,-0.00780,0.03240
6367,0.07466,0.02961
6368,0.03646,0.07613
6369,0.15311,-0.03534
6370,0.01533,0.01458
6371,-0.02815,-0.05403
6376,0.02659,0.03212
6378,0.14127,-0.06016
6379,0.00143,0.01502
6380,0.05025,0.05325
6381,-0.03565,0.04869
6382,0.00341,0.00098
6383,0.00016,-0.03020
6384,-0.03518,-0.03783
6387,-0.00378,-0.07333
6390,0.01573,-0.05146
6391,-0.04924,-0.10769
6392,0.01439,-0.00745
6393,-0.04940,-0.06203
6395,-0.04421,-0.05895
6396,-0.02567,-0.09158
6400,-0.00250,-0.01565
6402,0.03345,0.07007
6403,0.02272,0.04548
6405,-0.00106,0.01175
6406,-0.04131,-0.05377
6407,-0.01124,-0.06163
6408,-0.01358,0.03247
6412,0.12260,-0.04651
6413,0.01642,-0.04515
6417,-0.02441,0.00038
6418,0.14567,-0.02127
6419,-0.02121,0.04415
6420,0.05791,0.04630
6424,-0.00997,-0.04618
6425,-0.07126,0.15805
6428,0.00028,0.01834
6430,-0.02057,0.00772
6432,-0.02473,0.01793
6433,-0.02573,0.02313
6436,0.03184,0.03341
6440,-0.00203,0.01154
6444,0.01170,0.03632
6445,-0.04026,-0.01604
6448,0.04339,0.03467
6454,-0.15186,0.09090
6455,-0.02641,0.00420
6457,0.00471,-0.03012
6458,0.02669,0.04513
6459,0.00601,0.05179
6460,-0.03390,-0.01817
6463,0.05518,0.04155
6464,-0.05682,0.01277
6465,0.01793,0.01430
6466,-0.04323,-0.09094
6467,-0.05553,-0.06875
6469,-0.01952,0.04990
6470,-0.06471,-0.07115
6471,-0.02728,-0.04078
6472,0.08407,0.13488
6473,0.03894,0.02883
6474,-0.13308,0.12951
6479,0.06599,0.08227
6480,-0.06019,-0.10151
6481,0.05108,0.08862
6482,-0.02010,-0.03349
6484,0.05529,0.12022
6485,-0.04866,-0.05227
6486,-0.01866,0.03452
6488,-0.03520,0.02735
6489,0.00482,0.03716
6490,-0.04967,-0.02029
6492,0.13448,-0.05573
6493,-0.01800,-0.09899
6494,0.07766,-0.08557
6495,0.12598,-0.08095
6496,0.06215,0.13277
6497,-0.03418,-0.02644
6498,-0.01777,-0.09075
6501,-0.06085,-0.02325
6503,0.05412,0.06461
6504,-0.03879,-0.06281
6505,0.09753,-0.09036
6506,0.01787,0.00492
6507,0.00199,0.03793
6508,0.02744,0.01118
6513,-0.01933,0.00892
6516,0.00521,-0.02741
6517,-0.05010,0.00749
6518,-0.01844,0.04877
6521,-0.00150,0.01694
6522,0.08619,0.00484
6523,0.02126,0.05697
6524,-0.00032,0.05370
6525,0.01249,-0.04374
6526,-0.02573,-0.07369
6527,-0.02276,-0.05750
6532,-0.04163,-0.00761
6533,-0.02077,-0.04288
6535,0.14377,-0.00122
6537,-0.04004,-0.05416
6538,-0.00630,-0.04777
6539,-0.03869,-0.08323
6540,-0.02773,-0.04990
6543,-0.03649,-0.05813
6544,0.03269,0.12340
6545,0.02893,0.02101
6546,0.04333,0.05489
6547,0.15478,-0.11258
6548,0.01808,0.10360
6549,-0.04955,-0.01635
6551,0.02248,0.05334
6552,-0.02074,0.01272
6554,-0.05464,-0.06471
6555,-0.02234,0.00779
6557,-0.01271,0.04440
6558,0.02080,0.00432
6560,-0.08169,-0.05579
6561,-0.01450,-0.08824
6562,0.00223,-0.01668
6563,-0.00911,-0.10332
6564,0.02165,0.02418
6565,0.00075,0.00618
6566,0.06255,0.12970
6568,-0.00020,0.01876
6570,0.15587,-0.00499
6571,-0.01863,-0.00241
6572,-0.05854,-0.07358
6573,-0.00929,-0.01819
6574,-0.03976,-0.04824
6576,-0.07531,-0.05126
6577,-0.02262,0.05527
6578,-0.03860,-0.03552
6579,0.03236,0.09279
6580,0.01227,-0.00786
6584,-0.10593,0.10110
6586,-0.04066,-0.06223
6588,-0.03476,-0.00725
6590,-0.09828,0.12808
6592,0.00376,0.01379
6594,0.13432,0.00971
6596,0.02264,-0.02875
6597,0.06688,0.10392
6599,0.05818,-0.01865
6612,0.02970,-0.00081
6613,0.02148,0.00697
6614,-0.03239,-0.04905
6615,-0.00985,-0.08329
6616,0.03829,0.03504
6617,-0.07622,-0.04695
6619,0.02575,0.02451
6620,-0.03217,-0.03204
6622,0.06077,0.02694
6625,0.10830,-0.08815
6626,-0.04250,-0.03883
6627,0.03110,-0.01302
6629,-0.06261,-0.06581
6630,-0.07828,-0.02634
6632,0.00252,0.03318
6633,-0.00681,0.02275
6634,0.02005,-0.06121
6635,0.01918,0.08372
6637,-0.06084,-0.02827
6638,-0.02838,-0.06084
6643,-0.01672,-0.04335
6644,-0.05014,-0.04808
6645,-0.00100,-0.02368
6647,0.05942,0.09003
6648,0.02279,-0.02112
6651,-0.01476,-0.02890
6652,-0.00167,-0.02035
6653,-0.01229,0.06636
6654,-0.12348,0.10531
6656,0.03271,0.00652
6658,0.02698,-0.03198
6659,-0.06469,-0.02844
6662,-0.05205,-0.03815
6663,0.00156,-0.02585
6664,0.00260,0.03665
6666,0.01300,0.07023
6668,0.00583,-0.02428
6670,-0.04522,-0.14006
6674,-0.01631,0.00689
6675,-0.00781,0.00111
6676,-0.01250,-0.00192
6677,0.02041,-0.01992
6678,-0.02822,-0.01926
6694,-0.13652,0.08238
6695,-0.08512,0.09014
6696,-0.00580,0.01177
6699,-0.03371,-0.03375
6701,-0.06970,-0.03728
6702,-0.02641,-0.10939
6703,0.01946,0.01461
6706,-0.01756,-0.04528
6707,0.11150,-0.09083
6718,-0.02579,0.01691
6721,-0.02208,0.02587
6723,-0.03499,-0.04205
6724,-0.03181,0.01117
6727,-0.01722,0.02661
6728,0.00933,0.06132
6730,-0.01065,0.01659
6731,0.06417,0.05044
6734,0.04479,0.05972
6736,0.00533,-0.01133
6737,-0.00442,-0.01980
6740,-0.00306,-0.02759
6741,0.03946,0.06590
6742,-0.05260,-0.02411
6743,0.09148,0.07770
6744,0.01520,0.03346
6745,0.00805,-0.01113
6748,0.03234,0.03463
6750,-0.01152,-0.03420
6752,0.00331,0.00519
6753,0.02616,0.08270
6754,0.04495,0.04094
6757,-0.00983,-0.03394
6758,0.00863,0.03225
6762,-0.09753,0.12535
6763,-0.01357,0.03945
6768,-0.01384,-0.06006
6769,0.00706,0.00517
6770,-0.06070,-0.11308
6771,0.02104,0.06492
6772,-0.02565,-0.01991
6775,0.03522,0.06017
6776,-0.01429,0.03511
6777,0.10314,-0.06963
6778,-0.01012,0.01962
6779,-0.01093,-0.01230
6785,-0.03223,-0.05989
6786,0.00455,0.02470
6787,-0.01166,-0.06973
6788,0.04742,-0.00789
6794,-0.05558,-0.09838
6797,0.02164,-0.03927
6798,-0.02022,-0.05990
6800,0.00750,0.05191
6803,-0.03154,-0.00279
6804,-0.02797,0.05465
6806,0.01461,-0.01994
6807,-0.03123,-0.01739
6809,0.00541,0.02953
6810,0.05549,0.11680
6814,0.05897,0.06755
6817,-0.00022,0.02768
6819,-0.02304,-0.00660
6820,-0.04600,-0.11849
6822,-0.03107,-0.03319
6823,-0.01162,-0.05432
6824,-0.02277,-0.04241
6832,0.01269,-0.03657
6834,-0.05998,-0.06708
6835,0.01138,0.03531
6836,-0.02748,-0.05849
6837,0.11352,-0.07296
6838,0.04719,0.10204
6840,-0.03087,0.02132
6841,-0.01875,0.02822
6844,-0.02182,-0.09575
6845,0.02139,0.01996
6848,-0.05975,-0.05463
6849,0.00945,-0.07501
6850,-0.02152,-0.04314
6853,0.06856,0.12876
6855,0.02907,0.10182
6856,-0.03161,-0.00447
6857,0.01253,0.11262
6858,-0.05141,-0.05906
6859,-0.00377,-0.04997
6861,-0.04123,-0.02417
6862,0.04304,0.04020
6863,0.04995,0.10521
6864,-0.03621,-0.02565
6866,-0.02395,-0.04268
6867,0.05902,0.07902
6869,0.01899,0.00781
6870,0.02103,0.01734
6871,0.14457,-0.02757
6874,0.09625,-0.13601
6875,-0.04542,-0.01605
6877,0.04219,0.07842
6882,0.06301,0.10391
6888,-0.02152,-0.12570
6890,0.00689,-0.09726
6894,0.05159,0.04860
6897,-0.05122,0.01338
6898,0.01174,0.02804
6899,0.00120,-0.02950
6901,-0.04776,-0.03846
6902,0.02747,0.06007
6904,-0.04894,-0.02418
6905,-0.05562,-0.07019
6907,0.07172,0.05833
6908,-0.00065,0.04791
6912,0.04138,0.02795
6914,0.04781,0.01477
6915,-0.01370,0.06418
6918,0.00479,-0.04216
6919,-0.01138,-0.02566
6920,-0.08283,-0.04174
6923,-0.03666,-0.06093
6925,-0.04062,0.00879
6926,-0.03996,-0.00322
6927,0.02549,0.01839
6928,-0.00101,-0.04620
6929,-0.01164,0.01093
6932,0.05087,-0.00512
6941,-0.01417,0.02104
6942,-0.01349,-0.01924
6943,0.03599,0.03505
6946,-0.04360,-0.09045
6947,-0.06339,-0.08470
6951,-0.00166,-0.00066
6952,-0.00340,-0.02173
6954,-0.07039,-0.00391
6955,-0.03171,0.01430
6958,0.03443,0.06732
6960,-0.15364,0.09383
6961,0.02837,0.07308
6962,0.03907,0.00881
6963,0.07732,-0.08323
6964,0.05323,0.00164
6965,-0.00711,-0.05879
6966,-0.11770,0.02740
6969,0.01385,0.00925
6971,0.03254,-0.01826
6976,0.06098,0.01660
6977,0.00581,-0.06833
6981,0.02267,0.04589
6982,0.00748,-0.03011
6986,-0.01700,-0.10523
6988,0.01228,-0.02724
6989,0.03751,0.16112
6993,0.04991,0.01175
6994,-0.00500,-0.03948
6995,-0.00584,0.05127
6996,0.04695,0.04531
6997,-0.03003,-0.11052
6998,0.02740,-0.01601
6999,0.01094,-0.01654
7003,0.01954,-0.00970
7004,-0.12120,0.11915
7011,-0.04154,-0.06355
7012,-0.02745,-0.02018
7013,-0.01360,-0.00066
7014,0.04474,0.05865
7018,-0.06008,-0.06084
7021,0.02937,-0.04388
7022,-0.02440,-0.00744
7030,-0.00630,0.03522
7031,0.00795,-0.00719
7033,0.04309,0.14941
7034,0.06392,-0.00376
7035,0.01342,-0.01099
7036,0.02765,0.02497
7037,-0.03214,-0.04635
7038,0.11812,-0.02155
7039,0.13005,-0.06200
7040,-0.03827,-0.00633
7041,0.04158,0.09291
7042,-0.06156,-0.06306
7043,0.00206,0.01889
7044,0.03686,0.03499
7046,-0.06144,-0.08275
7047,0.02002,-0.00760
7048,-0.04288,-0.11407
7049,0.00122,-0.08068
7050,0.03524,0.07364
7056,0.00743,0.09239
7057,-0.11108,0.12990
7058,0.02128,0.05623
7059,-0.03310,0.00810
7060,0.01151,-0.06752
7061,0.03397,0.12359
7062,-0.12207,0.05528
7063,0.01021,-0.00423
7064,0.02855,-0.00050
7065,0.05069,-0.03158
7066,0.02203,0.04197
7067,-0.01777,0.01991
7068,0.03639,0.08569
7069,-0.01357,-0.03975
7071,0.04760,0.04060
7072,0.01439,0.04180
7073,0.02847,0.03398
7074,0.01887,0.05593
7075,0.03129,0.07198
7077,0.09774,-0.06938
7078,-0.11709,0.06523
7079,-0.05189,-0.05234
7080,-0.01836,-0.09343
7081,-0.05472,-0.01887
7082,0.00441,-0.09070
7083,0.03371,0.00806
7084,0.01402,0.05648
7085,0.05556,0.03556
7087,0.07021,0.03319
7088,-0.00033,0.03483
7089,-0.06717,-0.06469
7090,0.01251,0.07036
7091,0.02253,0.11085
7092,0.00982,0.00094
7093,-0.05552,-0.05890
7094,-0.00945,0.01021
7095,0.00257,-0.00086
7096,0.13840,-0.03025
7097,-0.00443,0.02668
7098,0.01153,0.02044
7102,0.05023,0.09669
7105,-0.05094,-0.02710
7110,-0.00450,0.03996
7111,0.03162,0.04671
7112,0.03828,0.09651
7114,-0.00980,-0.03654
7115,0.04519,0.01352
7116,-0.01845,0.00092
7119,-0.03536,0.01816
7120,-0.03344,-0.01262
7122,-0.01849,-0.10595
7126,0.00012,0.00919
7127,-0.01359,0.01973
7128,0.08211,0.01321
7129,0.02919,0.11742
7130,0.00677,-0.02422
7131,0.00656,-0.00323
7132,-0.03189,-0.02150
7133,0.01219,-0.00053
7134,-0.00385,0.06470
7135,0.07760,0.14766
7136,-0.04031,-0.08712
7137,-0.01643,-0.03996
7138,-0.00902,-0.02114
7139,0.05666,0.11284
7140,-0.02083,0.02378
7148,0.02405,-0.04846
7150,-0.04889,0.02231
7157,0.01658,0.03087
7161,-0.03157,-0.00851
7162,0.05778,0.14943
7164,0.00593,0.04394
7167,0.03236,0.03307
7170,-0.00613,-0.05563
7172,0.02449,0.02728
7173,0.00744,0.04036
7175,0.06519,0.07125
7176,-0.00967,-0.02405
7177,0.06347,-0.01397
7180,-0.05343,0.00288
7181,0.05672,0.06547
7182,-0.03347,0.02631
7183,0.06051,0.13030
7184,-0.04498,-0.01701
7185,-0.13691,0.06776
7186,-0.03509,-0.06150
7187,0.02787,0.03245
7189,-0.04241,-0.07338
7191,-0.03246,-0.00526
7192,0.06233,0.01055
7196,-0.05410,0.00125
7198,0.02666,0.01341
7199,-0.01858,-0.01553
7201,0.00595,0.03597
7202,-0.01793,-0.01034
7203,-0.02559,0.00774
7205,-0.02085,-0.02770
7208,-0.01123,-0.00420
7211,0.02837,0.08605
7212,-0.04724,-0.03238
7213,-0.00917,-0.04889
7214,-0.00600,0.01470
7215,-0.01142,-0.01195
7217,0.05709,0.05537
7218,0.01826,0.04167
7219,0.10876,-0.04480
7220,-0.05455,-0.13257
7222,-0.05499,-0.09332
7224,0.00575,0.08889
7226,-0.04966,0.04456
7228,-0.10113,0.11898
7229,-0.06601,-0.07266
7231,-0.02257,0.00948
7235,-0.01967,0.00352
7236,-0.02281,0.00379
7238,-0.00681,-0.00554
7239,-0.00755,-0.00391
7240,-0.03270,-0.03029
7241,-0.02679,-0.03498
7242,0.01438,-0.06294
7244,-0.00331,0.03721
7245,0.07795,0.06645
7246,0.00744,0.06547
7247,-0.01746,-0.04195
7250,0.02578,0.06456
7254,-0.00040,-0.07456
7255,0.05430,0.14993
7256,-0.00435,0.10291
7259,0.00927,0.04207
7261,-0.04897,-0.06388
7264,-0.03623,-0.00361
7265,0.01364,-0.00462
7266,0.01115,0.01241
7267,0.00982,0.02087
7269,0.03892,0.00759
7270,0.04411,0.07982
7271,0.07629,0.15069
7272,0.01053,-0.01129
7273,0.03954,0.04221
7276,-0.01911,-0.01965
7277,0.00607,0.00188
7278,-0.02951,-0.05802
7279,-0.00567,-0.00742
7280,0.12515,-0.02039
7282,0.06372,0.09002
7283,0.06375,0.05528
7284,0.03471,0.05930
7287,-0.00748,0.01262
7291,0.00911,0.00733
7292,0.03812,-0.04689
7294,-0.14575,0.14268
7296,-0.00203,0.02991
7297,0.02002,0.07299
7299,0.04973,0.04027
7305,-0.09530,-0.03417
7309,0.01601,-0.03863
7313,0.00954,-0.03902
7314,-0.00752,0.08297
7317,-0.08102,-0.08419
7318,-0.03269,-0.06447
7320,0.00328,-0.01048
7322,0.09132,-0.15585
7325,0.11906,-0.05546
7326,0.02208,0.07499
7327,0.00078,-0.00966
7337,0.01549,-0.00321
7343,0.15214,-0.04286
7345,0.01098,0.00948
7347,-0.01637,0.06287
7350,0.03638,0.13504
7351,0.00941,-0.03995
7352,0.03666,0.07087
7353,0.00844,-0.00223
7354,0.02708,0.07253
7355,0.05409,0.06847
7356,-0.00001,0.02434
7357,-0.04924,0.02196
7358,-0.04924,0.02130
7359,-0.01899,0.01323
7360,-0.05967,-0.05165
7361,0.04254,0.12954
7362,-0.01235,-0.00481
7363,0.03645,0.01270
7364,0.04766,0.01812
7366,0.00529,0.04424
7367,0.01573,-0.00130
7368,-0.07773,-0.05753
7369,0.03190,0.04483
7370,0.07559,0.06357
7371,-0.07251,-0.05576
7372,0.02500,0.12201
7373,-0.02137,-0.09615
7374,-0.04700,-0.01842
7375,-0.05442,-0.13209
7376,-0.03790,-0.03239
7377,0.04395,0.12823
7378,0.00111,0.01082
7380,0.02509,0.08504
7381,-0.05945,0.03239
7383,-0.04350,-0.05742
7384,-0.05459,-0.04711
7388,0.03089,-0.04797
7389,-0.02392,0.06991
7399,-0.04054,-0.13277
7409,-0.02483,0.04101
7412,0.01948,0.01671
7413,0.04087,0.13095
7414,-0.02257,0.01110
7416,-0.00284,0.01513
7417,0.02411,0.10824
7419,-0.07141,-0.11310
7420,-0.08930,-0.03914
7421,0.01737,-0.02367
7422,-0.00130,-0.02627
7425,0.01004,-0.02198
7426,0.00564,-0.02252
7427,-0.00914,-0.02145
7433,-0.02140,-0.06504
7434,0.00877,0.07748
7435,-0.08980,0.05655
7438,-0.07690,-0.08768
7442,-0.00776,0.04557
7443,0.09893,-0.07574
7444,-0.00353,-0.00267
7446,0.06421,0.06867
7447,0.08483,0.10184
7450,0.06740,0.10004
7453,-0.05966,-0.04312
7455,0.05666,0.07529
7456,-0.00975,-0.01098
7458,0.12060,-0.11848
7459,0.06414,0.13001
7460,0.01911,0.08167
7461,-0.11123,0.15663
7462,0.02228,-0.00876
7463,0.01366,0.04077
7464,-0.00594,0.02744
7466,-0.03822,-0.05343
7467,0.00284,-0.02505
7472,-0.03219,0.00026
7475,0.01213,0.01452
7476,0.02334,0.04952
7477,-0.01149,0.02590
7480,-0.02551,-0.03156
7481,0.04900,-0.03146
7482,-0.02484,-0.00468
7483,0.13323,-0.05092
7486,0.03466,-0.08106
7487,0.02190,0.02571
7490,-0.05636,-0.05743
7494,-0.00340,-0.03913
7500,0.03249,0.01464
7501,0.03119,0.00493
7502,0.04970,0.14653
7504,0.02914,0.02787
7505,0.03233,-0.03824
7506,-0.06396,-0.01038
7508,0.00657,-0.03220
7509,-0.00714,0.01669
7510,-0.00504,-0.07583
7512,-0.02417,0.04353
7513,-0.01663,0.03583
7514,-0.11480,0.06451
7515,0.07450,0.08931
7516,0.01866,-0.04412
7520,0.06566,0.08105
7521,-0.03930,-0.02107
7522,0.02847,0.04932
7523,0.13643,-0.03168
7524,-0.01680,-0.03271
7525,0.03247,0.02978
7527,-0.00263,-0.02139
7531,0.02535,-0.08264
7532,0.02329,0.01643
7537,-0.01655,-0.03282
7538,0.03148,0.02285
7539,-0.02295,-0.01702
7544,-0.03979,-0.05594
7545,-0.01339,-0.05432
7550,0.13828,-0.04719
75505,0.00291,-0.09400
7551,-0.02026,-0.04492
7552,-0.10270,0.03746
7554,0.01938,0.08929
7555,-0.01582,0.00142
7561,0.05541,0.05848
7562,-0.00632,0.03896
7564,-0.04441,-0.09265
7565,-0.01391,-0.09201
7567,-0.04306,-0.07407
7570,-0.03797,-0.01858
7571,-0.04131,-0.07598
7575,0.05544,0.01821
7578,0.02501,0.00318
7581,0.00809,0.07907
7585,0.01933,0.02309
7590,0.00576,0.00167
7593,-0.05579,0.00253
7595,0.00939,0.01729
7596,0.01978,-0.04093
7599,-0.03606,-0.00643
7600,0.02935,-0.04359
7601,0.01571,-0.02388
7602,0.06915,0.02465
7603,0.09077,-0.11665
7604,-0.00129,0.06148
7606,-0.03443,-0.05229
7607,-0.00257,0.01988
7608,0.02273,-0.03930
7609,-0.01556,0.03664
7610,0.01107,0.02001
7611,-0.00302,-0.06350
7613,0.12117,-0.06913
7614,-0.01771,-0.00253
7615,-0.04756,-0.04901
7616,-0.06253,-0.02165
7619,-0.09833,0.10825
7621,-0.04437,-0.02989
7624,0.11787,-0.08960
7625,0.08039,0.12730
7628,-0.04219,0.01249
7630,-0.07206,-0.08178
7634,-0.00982,-0.04383
7635,-0.00410,0.08235
7636,0.01478,0.07933
7637,0.00380,-0.06658
7638,-0.05761,0.02938
7640,-0.06996,-0.05712
7643,-0.02842,-0.05304
7646,-0.01709,-0.01148
7649,-0.02549,0.03344
7670,0.14798,-0.07135
7673,0.03080,0.02073
7674,0.11876,-0.04836
7677,0.02386,0.01505
7678,-0.00090,0.08568
7679,0.00870,0.03596
7680,0.02276,0.02842
7681,-0.03154,-0.08320
7682,-0.10556,0.01384
7683,0.00461,-0.05156
7685,0.02600,0.08000
7686,0.04102,0.01168
7687,-0.00642,-0.01844
7689,-0.00504,-0.01990
7690,0.09077,-0.08642
7691,-0.03315,-0.03623
7692,-0.02687,-0.01611
7693,-0.08691,-0.07613
7694,0.10824,-0.04193
7695,0.01863,0.02017
7698,-0.05282,-0.02490
7699,-0.02736,-0.07535
7701,-0.04474,-0.01095
7702,-0.00053,-0.00968
7707,0.02366,-0.01722
7709,-0.08351,0.07170
7711,0.15046,-0.02043
7713,-0.01521,0.00274
7715,-0.05612,0.03350
7716,0.03555,0.01905
7717,0.04487,-0.02585
7718,-0.00676,-0.02319
7719,-0.04987,-0.02960
7721,-0.04659,-0.02261
7722,0.00769,-0.01996
7723,0.04045,0.08788
7725,-0.00057,0.07300
7726,0.05677,0.01471
7727,-0.01546,0.07906
7729,-0.03553,-0.02866
7730,0.10349,-0.05333
7731,0.03793,0.03646
7733,-0.00497,0.01355
7734,0.04090,0.10734
7735,0.05767,-0.12696
7739,0.03401,0.05154
7740,0.02930,0.00026
7741,0.02102,-0.02657
7743,-0.01439,0.04220
7744,0.00497,-0.02259
7745,-0.01107,0.03032
7746,-0.01879,-0.06562
7747,-0.02659,-0.01587
7749,-0.04101,-0.06247
7751,-0.04263,-0.04048
7752,0.04520,-0.03026
7760,-0.02641,-0.04880
7762,-0.01275,-0.02102
7769,-0.03435,-0.03572
7771,-0.02962,-0.00611
7774,-0.05720,-0.10525
7775,-0.08290,0.15959
7776,0.01641,-0.01498
7777,-0.05540,0.01841
7779,-0.02937,-0.04470
7780,0.12725,-0.08455
7781,0.01143,-0.05020
7782,-0.03240,0.02992
7791,0.06243,-0.03367
7792,0.01501,0.04629
7793,-0.00967,-0.02273
7794,0.12107,-0.07205
7795,-0.06325,-0.04314
7800,0.04851,0.02596
7803,0.00883,-0.01841
7804,-0.01748,-0.01916
7805,-0.05864,-0.07602
7806,-0.00822,0.02598
7807,-0.02574,-0.04289
7808,-0.00535,-0.03035
7809,-0.11942,0.11571
7810,-0.02130,-0.01066
7811,-0.01348,-0.05160
7812,0.02524,-0.02990
7813,-0.06405,-0.05801
7814,-0.01898,-0.01066
7815,0.01673,-0.02263
7818,0.02065,0.03742
7819,0.01195,-0.03311
7820,0.04667,0.01759
7821,0.10759,-0.08055
7822,-0.00659,-0.00832
7823,0.03102,-0.01688
7826,-0.00168,0.05357
7827,-0.03143,0.03595
7831,-0.03853,0.00551
7832,0.00076,-0.01341
7833,-0.04758,-0.07478
7836,-0.08879,-0.06488
7837,0.00078,0.05471
7839,0.06397,0.08807
7840,0.03600,0.06734
7841,-0.04031,-0.11111
7844,-0.06582,-0.08722
7846,-0.00103,0.03510
7847,-0.00879,-0.05937
7849,-0.01337,-0.04368
7850,-0.06310,-0.07097
7851,-0.00472,-0.01427
7856,-0.05838,-0.05758
7857,-0.05535,-0.09443
7859,-0.05212,-0.08064
7860,-0.03619,0.00753
7863,-0.00963,0.06796
7864,-0.02092,-0.02257
7865,0.04589,0.03515
7867,-0.00022,0.04228
7868,-0.04341,0.02497
7871,0.04778,0.02233
7872,0.02152,0.04453
7874,0.04675,0.04370
7875,-0.06877,-0.04977
7877,0.00813,-0.00221
7878,-0.01974,-0.10301
7879,-0.01389,-0.06473
7883,-0.02161,-0.05666
7885,-0.03072,-0.05098
7886,-0.01213,-0.02036
7887,-0.00993,0.04818
7888,0.00449,-0.01471
7893,0.00868,0.01484
7896,0.02845,0.03127
7897,0.02700,-0.00755
7898,-0.01570,-0.01412
7901,-0.02067,0.01658
7902,-0.01322,0.03264
7906,-0.01000,0.06028
7908,-0.04875,-0.06789
7911,-0.05213,-0.07481
7912,-0.02633,0.03515
7914,-0.01845,0.04446
7915,-0.03797,-0.05996
7916,0.14287,-0.05916
7917,-0.04852,-0.03534
7918,-0.06018,-0.08568
7919,-0.00736,-0.08712
7921,-0.01962,0.01797
7922,0.00654,-0.04389
7923,-0.12478,0.09073
7925,-0.07612,-0.12395
7927,0.04380,0.10018
7928,-0.03592,-0.04195
7931,-0.02190,-0.01092
7932,-0.06805,-0.15154
7936,-0.04471,0.02193
7937,0.04759,0.04838
7938,-0.00020,0.09493
7939,-0.00553,-0.05684
7940,0.00771,0.02954
7942,0.02598,0.05463
7943,0.02170,0.02839
7944,0.01054,0.02128
7946,0.00788,0.01190
7947,0.01580,0.01639
7949,-0.03761,-0.07788
7951,0.00866,0.02031
7952,-0.02004,-0.01695
7953,0.01524,0.08062
7955,0.01571,0.03361
7956,0.00915,0.01058
7957,0.08138,0.06743
7962,0.00995,0.00005
7963,0.01163,0.12140
7965,-0.02521,0.02337
7966,-0.04962,-0.07105
7970,0.02852,0.09140
7971,0.01718,-0.06467
7972,0.01241,0.05125
7974,0.03593,0.03945
7975,0.02134,0.01405
7976,-0.07810,-0.07911
7979,0.02139,0.03243
7980,0.01237,0.05592
7981,0.03324,0.09266
7983,0.02356,0.07345
7984,0.05110,0.00259
7985,-0.03839,-0.01978
7986,-0.04458,-0.04884
7987,0.00802,-0.07274
7988,-0.04446,-0.06262
7989,-0.03181,-0.08855
7990,-0.03584,-0.01869
7991,-0.00430,0.04047
7992,0.07996,0.05640
7994,0.02977,-0.01197
7995,-0.03633,-0.03907
7997,0.01942,0.01690
7999,0.04310,-0.00120
8001,0.00051,-0.02263
8002,0.03951,0.00490
8005,-0.00543,-0.07662
8006,0.01669,0.05706
8007,0.02428,0.02429
8008,-0.02587,-0.11815
8011,0.01222,0.03955
8012,0.01533,-0.05494
8013,-0.00841,0.07294
8014,-0.02604,0.08351
8015,-0.09165,0.08500
8016,0.00422,-0.01933
8018,-0.00137,0.01672
8020,0.01490,-0.03394
8022,0.02466,0.00058
8023,-0.07358,-0.10512
8025,-0.02591,-0.08407
8029,-0.02089,-0.00138
8030,0.01861,0.03386
8031,-0.02051,0.00802
8032,0.01515,-0.01374
8035,-0.02780,0.04872
8037,0.01337,0.01760
8039,0.03463,0.03241
8040,0.06505,0.03720
8041,0.00033,-0.05801
8043,0.00947,-0.00094
8045,0.00211,-0.02229
8046,-0.04126,-0.06261
8050,-0.01922,-0.07758
8051,0.00863,-0.03664
8052,-0.04861,0.01088
8053,-0.03112,0.01581
8056,0.03318,0.00692
8057,-0.02110,0.00265
8058,0.03426,0.06795
8059,0.10092,-0.08732
8060,-0.06424,-0.14010
8061,0.13717,-0.03349
8065,-0.04289,0.03232
8066,-0.02404,0.03705
8070,-0.01112,-0.04704
8074,-0.01572,-0.02589
8075,-0.01347,-0.12466
8076,0.03910,0.06005
8077,-0.02255,-0.00214
8078,0.02392,0.00993
8079,-0.03083,-0.01960
8081,-0.01357,-0.04488
8084,0.00276,-0.04576
8085,0.03974,0.10739
8086,-0.03802,-0.07996
8088,-0.03239,-0.04492
8089,0.03453,-0.01057
8091,-0.04952,-0.02163
8093,-0.03977,-0.02143
8095,0.05085,0.07044
8097,0.00721,0.05162
8098,-0.11037,0.04647
8101,0.01803,0.05695
8103,-0.04523,0.04766
8104,0.02226,0.03675
8105,-0.11729,0.07798
8107,-0.00646,0.01405
8111,0.05185,0.11257
8113,0.04366,-0.00341
8115,0.06832,-0.00741
8117,-0.00922,0.02279
8118,-0.04356,-0.04727
8119,0.00602,-0.00855
8123,-0.09442,-0.05904
8125,0.02457,-0.00048
8127,-0.04702,-0.03485
8129,-0.01451,0.03108
8130,-0.03413,-0.04116
8131,0.03459,0.07555
8132,0.04316,0.04195
8133,0.05541,0.04290
8135,0.06494,0.04094
8136,-0.01948,0.05192
8137,0.05101,0.09063
8138,0.04091,0.08139
8139,-0.12730,0.08217
8141,-0.07727,-0.10609
8142,0.01101,0.08100
8143,-0.03987,-0.06794
8144,-0.01022,-0.04832
8147,0.00941,-0.05051
8150,0.00681,-0.05938
8151,-0.06693,-0.06745
8152,0.03328,-0.03903
8153,0.00581,0.06350
8154,0.03857,-0.02232
8157,-0.03007,-0.05120
8158,0.04888,0.03843
8159,-0.04404,-0.10429
8160,-0.04035,-0.08008
8163,-0.04858,-0.03354
8165,-0.02850,-0.00108
8166,-0.06040,-0.03134
8167,-0.04096,-0.07861
8173,-0.01358,0.10396
8174,0.01339,0.04460
8179,-0.02753,-0.03922
8181,0.01813,-0.01414
8185,-0.07570,-0.05416
8194,-0.05043,-0.03960
8198,0.02462,0.03658
8200,-0.01609,0.00869
8202,-0.07708,-0.11554
8203,-0.00302,0.01431
8207,0.07372,0.07398
8209,-0.02470,-0.05753
8214,0.02966,0.05115
8217,0.13983,-0.01785
8218,0.03655,0.06106
8219,-0.03084,-0.05536
8225,-0.02407,-0.02979
8226,0.10084,-0.07039
8227,0.00596,0.03518
8230,-0.11818,0.12485
8233,0.00849,-0.02908
8237,0.04162,0.01599
8242,0.10477,-0.04373
8244,0.11169,-0.06652
8247,0.01683,-0.03829
8252,0.00627,0.09156
8253,-0.03977,0.01186
8254,-0.05727,-0.00362
8255,0.03086,0.01255
8260,-0.03932,-0.05676
8267,0.01522,-0.02540
8273,0.08080,0.10930
8275,0.00615,0.00665
8276,-0.07371,-0.06392
8278,-0.02800,-0.05725
8281,-0.03470,-0.02386
8282,-0.00216,0.02197
8283,0.02375,0.02850
8285,0.01465,-0.00025
8289,-0.03975,-0.03239
8291,-0.03283,-0.03072
8301,0.03245,0.01370
8303,-0.01985,0.05294
8304,-0.03548,0.05874
8306,-0.00607,0.07414
8308,-0.04665,-0.11250
8309,0.04134,-0.00490
8316,0.02614,-0.01782
8331,0.06841,-0.00368
8334,-0.06226,-0.06361
8336,-0.00202,-0.00427
8337,0.01494,0.04638
8338,0.02250,-0.05392
8341,0.06974,0.02755
8343,0.06480,0.07420
8344,0.10058,0.12110
8345,0.14814,-0.06747
8346,-0.05837,-0.08887
8349,-0.06934,-0.00263
8354,0.06039,-0.03798
8358,0.00035,0.02630
8359,0.05130,0.04886
8360,0.02390,0.06063
8361,0.04704,0.03788
8362,0.04900,0.01560
8364,0.14540,-0.03183
8365,0.10442,-0.01422
8366,-0.03141,-0.05998
8367,-0.03501,0.03213
8368,0.03986,-0.01370
8370,-0.01151,-0.05281
8377,0.05065,-0.00709
8381,0.00585,0.02837
8383,-0.04870,-0.01671
8386,0.04106,-0.05064
8387,0.02228,-0.01245
8388,-0.03129,-0.04417
8392,0.02315,0.06387
8393,-0.03791,-0.06451
8395,-0.02695,-0.04155
8399,0.02146,0.02227
8410,0.03379,0.04486
8411,-0.00688,-0.10013
8416,0.00839,0.04310
8418,-0.05031,-0.07283
8421,0.04055,0.05351
8424,-0.07421,-0.09575
8425,0.00114,-0.02261
8439,-0.05565,-0.02123
8473,-0.06894,-0.09099
8508,-0.01431,0.00315
8511,-0.04674,-0.11624
8515,0.00867,0.00469
8518,-0.12547,0.05066
8522,0.02022,-0.02085
8524,-0.04223,-0.06129
8537,-0.00358,0.03983
8541,-0.10922,0.08356
8542,-0.03545,0.02367
8544,-0.04394,-0.01370
8550,0.07815,0.01312
8551,0.05068,0.04802
8558,0.13748,-0.11120
8562,-0.02155,0.01392
8563,0.04253,0.07712
8566,-0.00240,0.04685
8570,-0.04652,0.00962
8572,-0.00974,0.08618
8584,0.04240,0.05884
8585,0.12380,-0.00483
8591,0.00993,-0.04953
8593,0.03365,0.01816
8595,-0.00973,-0.01319
8596,-0.06685,-0.04352
8600,-0.10415,0.14860
8601,-0.05276,-0.05831
8604,0.01937,-0.05698
8609,-0.04836,-0.06841
8613,0.02973,0.03971
8614,0.01209,-0.02680
8616,-0.05445,-0.04778
8617,-0.03383,-0.01773
8622,-0.04079,-0.08364
8624,0.00404,0.04900
8628,-0.03743,-0.07786
8630,-0.01734,-0.01095
8697,-0.05958,-0.04093
8698,-0.04158,-0.10430
8699,-0.03705,-0.13942
8700,0.11381,-0.05936
8704,0.01146,0.08395
8705,-0.05884,-0.07119
8706,-0.04447,-0.06495
8707,0.06143,-0.02178
8708,-0.05434,-0.06841
8713,-0.04121,-0.05014
8714,-0.02282,-0.07944
8715,-0.04468,-0.06574
8725,0.05950,0.11995
8729,0.04766,0.06904
8737,-0.02854,-0.03057
8739,0.03268,-0.00330
8742,0.06081,0.09945
8746,-0.01472,0.00748
8747,-0.00293,0.00266
8750,-0.02186,-0.08482
8766,-0.03345,-0.06025
8769,-0.05373,-0.04844
8771,0.04533,0.10667
8772,-0.04821,-0.12750
8783,0.00100,-0.04929
8789,0.07752,0.10674
8793,0.01555,0.00095
8795,-0.00310,-0.06071
8798,0.03692,-0.04308
8801,0.03770,-0.01179
8802,-0.00008,-0.04142
8803,0.04623,0.01014
8804,0.00193,0.08858
8818,-0.00126,-0.03088
8830,0.10229,0.09939
8835,-0.07511,-0.08337
8836,0.06842,0.12718
8841,-0.01433,-0.07533
8844,-0.01737,0.00121
8848,0.06579,0.02838
8850,0.01158,0.06578
8860,-0.04994,-0.10289
8864,0.06500,0.06430
8869,0.04259,-0.01520
8871,0.02658,0.07198
8876,0.04767,0.15355
8877,-0.06188,-0.06747
8881,0.01062,-0.02979
8887,-0.02550,-0.05909
8891,-0.01019,-0.01882
8892,0.00706,0.10315
8894,0.09544,-0.11724
8897,0.01824,0.05304
8898,0.04653,0.02553
8904,-0.02796,-0.03092
8908,-0.07388,-0.06586
8912,0.00817,0.05582
8914,0.00019,0.05375
8917,-0.04128,-0.04038
8918,0.01296,0.08914
8919,-0.03773,-0.02620
8920,-0.03313,0.04286
8921,-0.00634,0.02132
8923,-0.05163,-0.01931
8927,0.01885,0.01449
8928,-0.03587,0.04626
8929,-0.02031,-0.10881
8931,0.15818,-0.02540
8934,0.01677,0.00523
8935,0.13271,-0.08846
8938,0.05591,0.03226
8944,0.01473,-0.08640
8945,0.13415,0.03069
8946,0.00958,0.07889
8951,-0.03346,-0.06227
8952,0.05490,0.01285
8953,-0.13377,0.10181
8954,-0.12563,0.04094
8955,-0.01535,-0.03923
8956,-0.03705,-0.09738
8957,0.02449,0.06339
8958,0.01764,0.02213
8960,-0.01684,-0.01822
8961,-0.02482,0.02910
8963,0.00633,0.01028
8964,0.02924,0.04719
8966,-0.01903,-0.02843
8967,0.01214,0.02834
8968,0.02750,-0.00221
8972,-0.00830,0.05206
8975,0.03436,0.07317
8976,0.05082,0.05209
8977,0.01614,-0.04826
8979,-0.05564,-0.06174
8984,-0.07086,-0.04086
8985,-0.00824,0.00726
8986,-0.00116,-0.06965
8987,-0.04325,-0.00708
8995,-0.01722,0.02665
8996,0.01458,-0.02672
8999,0.09951,-0.06531
9001,0.02803,-0.05944
9003,-0.03819,-0.04104
9005,0.01709,-0.02603
9006,-0.01656,-0.01017
9007,0.04650,0.04899
9008,0.02091,0.01495
9009,0.04898,0.07276
9010,0.02965,0.04425
9012,-0.00615,-0.06406
9017,-0.00944,0.08354
9020,-0.00411,0.06190
9021,-0.04460,-0.03162
9022,0.02653,0.07944
9023,-0.01366,-0.06875
9024,0.09087,0.01829
9025,0.04876,0.07496
9028,0.01770,0.02695
9029,-0.00251,-0.01855
9031,0.01866,0.02610
9033,0.00707,0.07473
9034,-0.02017,-0.02396
9036,-0.02852,-0.01049
9037,-0.05299,-0.07976
9039,0.05215,0.01286
9041,0.00532,-0.01596
9042,0.03100,-0.03870
9044,0.05955,0.06187
9045,0.01927,-0.06014
9046,-0.04855,0.01698
9048,-0.04758,-0.04551
9049,0.12455,-0.07065
9051,0.01604,-0.00704
9052,0.02798,-0.05409
9057,-0.12141,0.04098
9059,-0.00336,0.03078
9060,-0.01181,-0.00016
9063,0.05287,-0.05987
9064,-0.03443,-0.04993
9065,-0.09157,0.15196
9067,-0.12377,0.15821
9068,-0.04145,-0.06855
9069,-0.00227,-0.03465
9072,0.03127,0.05969
9073,-0.00984,0.02392
9074,0.05770,-0.00813
9075,0.04045,0.00770
9076,-0.06025,-0.09249
9081,0.02047,-0.02006
9082,0.05200,0.01507
9083,-0.05772,-0.06849
9087,0.01820,-0.06734
9090,-0.00127,0.04264
9101,0.15460,-0.02541
9104,-0.00941,-0.06546
9107,-0.05433,-0.02678
9110,-0.01388,0.00779
9115,0.01190,-0.04222
9119,-0.04352,-0.06882
9127,-0.05996,-0.02846
9130,0.13362,-0.06155
9142,-0.07447,-0.08599
9143,0.02123,-0.01258
9145,-0.03913,-0.02941
9146,-0.01298,0.01038
9147,-0.05840,-0.04422
9149,0.05720,0.04476
9156,0.03871,0.00327
9158,-0.00009,0.02454
9159,-0.04683,-0.06049
9160,0.00727,0.06306
9162,-0.00765,-0.00531
9163,-0.02729,-0.04948
9165,-0.02431,-0.02877
9166,-0.01696,0.02983
9168,0.00700,0.05115
9169,0.08605,0.10860
9171,-0.00287,-0.01488
9173,-0.05933,-0.03605
9193,0.02928,0.01345
9201,-0.07335,-0.06973
9202,-0.01870,-0.02906
92025,0.01479,-0.00785
9204,0.05331,0.04295
9206,-0.04212,0.02285
9211,-0.07086,0.00426
9212,-0.03224,-0.03067
9213,0.12835,-0.09006
9214,-0.01132,-0.01071
9215,0.01894,-0.02648
9216,0.05118,0.06320
9218,-0.01707,0.04298
9219,0.01657,0.04879
9220,0.00996,0.02995
9221,0.04989,0.10836
9222,0.02028,0.02463
9223,0.15284,-0.01800
9225,-0.01850,0.03557
9226,0.00286,0.03068
9227,-0.01311,-0.04177
9229,0.05496,0.10248
9233,0.00494,-0.05645
9235,-0.01384,0.03794
9236,0.04741,-0.01876
9237,0.01141,0.05368
9238,0.03385,0.02439
9239,-0.04241,-0.08606
9240,0.01206,0.05503
9241,0.01557,-0.03021
9242,-0.05441,-0.05312
9243,-0.01522,-0.01287
9244,0.09829,-0.01782
9245,-0.05362,-0.11613
9246,-0.00281,0.00811
9247,-0.03791,0.00266
9248,0.01357,0.01941
9249,0.14887,0.03760
9250,0.04430,0.04300
9251,0.02535,0.03381
9252,-0.01293,-0.03966
9253,-0.05317,-0.01527
9254,0.02565,0.04791
9256,0.03510,0.04898
9257,-0.12840,0.04924
9258,0.03006,-0.01751
9259,-0.05412,-0.12743
9262,0.00897,0.02437
9264,0.01055,0.00670
9265,0.04382,0.03945
9267,-0.01065,-0.00153
9268,0.00658,-0.07252
9270,0.13634,-0.04415
9271,0.01097,-0.01217
9272,0.03971,0.04598
9273,0.11496,-0.10084
9274,0.09302,-0.09342
9278,0.01595,-0.05542
9279,0.16195,-0.07376
9282,-0.04159,-0.10049
9284,0.01295,0.08902
9285,-0.00339,0.04515
9286,-0.01321,-0.06542
9287,0.07975,0.05511
9301,0.02817,0.03339
9302,0.04650,0.02530
9303,-0.02021,-0.06329
9304,-0.04961,0.08424
9305,-0.07786,-0.11125
9306,-0.07095,-0.07953
9307,0.01522,0.03336
9308,-0.02083,0.00779
9310,0.02098,0.03839
9311,0.12396,0.02521
9312,-0.00447,0.00591
9313,0.01358,0.00596
9319,-0.01271,0.03730
9322,0.01568,0.01912
9324,-0.06287,-0.02128
9325,0.00953,-0.04934
9326,-0.04009,-0.03264
9327,0.06433,0.07840
9330,-0.01959,-0.02936
9331,-0.02521,-0.03544
9332,0.05486,0.08082
9334,-0.02770,-0.00004
9335,-0.00918,0.01352
9336,0.09828,-0.06490
9337,-0.00877,-0.04476
9338,0.04080,0.02142
9339,-0.00304,0.02234
9340,-0.01859,-0.02919
9341,0.01046,0.03874
9342,-0.11997,0.12950
9343,-0.03584,-0.03104
9344,0.04114,0.03808
9345,0.02445,-0.02569
9346,0.05558,0.07169
9347,-0.02266,-0.05909
9348,0.10867,-0.10686
9351,-0.06428,-0.02658
9353,0.02133,-0.10199
9355,-0.01443,0.05902
9360,-0.00276,-0.01031
9361,0.02114,0.02667
9362,-0.01032,-0.05896
9363,-0.04491,-0.07225
9364,0.03283,0.05668
9365,-0.02448,-0.03893
9366,-0.01988,-0.01952
9367,0.03845,0.04302
9368,0.03735,-0.03307
9369,-0.04103,-0.05069
9376,-0.03370,0.00877
9380,0.03548,-0.01033
9381,-0.05698,-0.04235
9385,-0.03308,0.01860
9399,-0.00913,0.01088
9401,0.00573,0.02613
9404,0.01988,0.03141
9405,-0.05544,-0.01952
9408,-0.01599,-0.00417
9409,0.05674,0.13529
9412,0.00054,-0.04188
9413,-0.01367,0.08324
9414,0.03055,0.02468
9416,0.11791,-0.06812
9417,-0.01255,0.00690
9418,-0.01833,-0.00650
9419,0.02161,-0.02015
9421,0.04892,0.04565
9423,0.01102,0.04421
9424,0.04630,0.00256
9425,0.02362,0.05430
9428,0.05359,0.10865
9432,0.00908,0.04462
9433,-0.04743,-0.11923
9434,-0.03731,-0.03449
94345,-0.00191,0.03366
94346,-0.05437,0.01205
9435,-0.05118,-0.11431
9436,0.02318,-0.00637
9438,-0.00827,-0.06671
9439,0.01207,0.00553
9441,0.03051,-0.02910
9444,-0.01791,-0.01977
9445,0.06477,0.08382
9446,0.06043,0.07809
9449,0.08955,-0.13180
9450,0.01815,0.06355
9466,0.03994,0.01206
9467,0.05093,0.00965
9468,-0.05924,-0.06670
9470,-0.01193,0.07590
9474,-0.08404,-0.02056
9475,-0.09757,0.19099
9476,0.00864,0.03907
9478,-0.04234,-0.05675
9501,-0.06017,-0.09865
9502,0.06000,0.06321
9503,0.01833,0.04293
9504,0.03720,0.05219
9505,-0.04375,-0.00512
9506,0.04954,0.00025
9507,0.06449,-0.01302
9508,0.01012,0.02519
9509,-0.03647,0.02880
9511,-0.02909,-0.02251
9513,-0.04317,-0.01551
9514,-0.00711,-0.01758
9517,-0.06072,-0.08836
9519,0.05638,0.12207
9531,0.04124,0.04330
9532,0.02779,0.08740
9533,-0.04200,0.05753
9534,0.10909,-0.08811
9535,-0.03154,-0.01945
9536,-0.00403,-0.02154
9537,0.03566,0.03109
9539,-0.02160,0.02096
9543,-0.02906,-0.03212
9551,0.00425,0.00356
9552,0.01444,-0.02291
9553,0.05741,0.02240
9554,0.02042,-0.04626
9556,-0.02637,-0.00138
9557,0.00173,-0.01218
9558,0.01925,0.01121
9560,0.06034,0.04690
9561,0.05275,0.02912
9562,0.04905,0.09881
9563,0.00151,-0.04558
9564,0.01848,0.01400
9565,-0.00358,-0.01648
9601,0.14546,-0.08027
9602,-0.01226,-0.02038
9603,-0.03406,-0.00674
9605,-0.01050,0.02825
9610,-0.01183,-0.01356
9612,-0.01763,0.00185
9616,-0.02720,-0.07793
9619,0.07961,0.13642
9621,0.02851,0.02122
9622,0.01995,0.07922
9625,-0.08508,-0.07195
9627,-0.03425,-0.12074
9628,0.00877,0.08440
9629,-0.00070,0.06266
9632,0.05806,0.02090
9633,0.01902,0.02609
9635,0.04289,0.07647
9636,0.03879,0.09047
9639,0.00552,-0.02072
9640,0.01460,-0.04141
9644,0.15530,-0.04945
9647,0.03462,0.01914
9651,0.04018,0.00766
9656,0.02471,-0.01251
9658,-0.00755,0.04129
9661,-0.11531,0.14399
9663,0.03611,0.05004
9672,0.04668,0.09762
9678,-0.03833,0.05043
9679,0.05142,0.02997
9682,-0.02951,-0.00354
9684,0.06591,0.03988
9685,0.01602,-0.03894
9686,0.00444,0.05122
9687,0.04800,0.08824
9691,-0.07961,-0.13107
9692,-0.00327,0.04532
9697,0.03141,0.06929
9698,0.00629,0.06244
9699,0.04289,0.03039
9701,0.05547,0.12531
9702,0.04370,0.07668
9704,-0.03545,-0.05897
9706,0.01370,0.04797
9708,0.00066,-0.00902
9709,0.02711,0.01492
9713,-0.02141,-0.06005
9715,0.02668,0.04823
9716,-0.03157,-0.07116
9719,-0.01462,-0.02544
9720,0.02685,-0.05948
9722,0.03649,0.07842
9723,0.08170,0.06709
9726,-0.07999,0.13738
9729,0.01506,-0.02206
9731,-0.01116,0.00144
9733,0.02785,0.00660
9735,0.00141,-0.03690
9739,-0.01374,0.05741
9740,-0.03917,-0.01297
9742,-0.00067,-0.04229
9743,0.02761,0.01338
9744,-0.05331,-0.03763
9746,0.02665,0.05357
9753,-0.02551,0.00052
9755,-0.04098,-0.03034
9757,-0.04308,-0.03224
9759,-0.01517,0.02479
9760,0.08351,0.08420
9761,-0.03972,-0.02795
9763,-0.03126,0.02488
9765,-0.00226,-0.00131
9766,-0.01199,-0.04085
9767,-0.01748,-0.05565
9768,0.00971,-0.02754
9769,-0.03953,0.02525
9778,-0.15326,0.11227
9780,-0.00301,0.05183
9782,-0.02178,-0.07125
9788,0.00022,0.00978
9790,0.00425,0.03523
9791,0.02036,0.04695
9793,0.07162,0.06807
9795,-0.00708,-0.07200
9799,-0.04514,-0.03510
9812,-0.00671,-0.04466
9816,0.07099,0.08293
9818,0.00498,0.00137
9820,-0.04670,-0.00480
9823,-0.13223,-0.01060
9824,-0.02683,0.06768
9827,-0.00147,0.04378
9828,-0.06726,-0.12102
9830,-0.05232,-0.03758
9831,-0.03565,-0.03504
9832,-0.03392,0.07301
9835,-0.02823,-0.07054
9837,-0.02550,-0.08579
9842,0.00272,-0.03986
9843,-0.05137,0.00324
9845,-0.06423,-0.10046
9846,-0.03264,-0.03585
9849,0.05252,0.07644
9850,-0.01522,-0.04051
9853,0.01633,0.03459
9854,-0.00313,0.04602
9856,-0.02954,-0.08447
9857,-0.02259,-0.03087
9861,0.00850,0.07411
9867,-0.03680,-0.05066
9869,-0.00004,0.00045
9872,0.00241,-0.00676
9876,-0.02002,-0.02426
9878,-0.04661,0.02546
9880,-0.04643,-0.02205
9882,0.05813,0.06056
9885,0.01815,-0.01125
9887,-0.04006,0.00358
9888,-0.05792,-0.06259
9889,-0.01693,-0.03387
9890,0.13682,-0.03837
9895,0.01116,0.08361
9896,-0.01361,-0.11975
9900,0.00857,0.08226
9902,-0.05583,-0.06626
9903,-0.03525,-0.01594
9904,0.00215,0.06721
9906,-0.03153,-0.04929
9908,-0.06312,-0.05318
9913,0.03105,0.01663
9914,-0.01998,-0.01303
9927,-0.01385,-0.07207
9928,-0.01249,-0.02866
9929,0.02727,-0.03287
9930,-0.13960,0.04116
9932,-0.14143,0.09855
9934,0.13042,-0.08530
9936,-0.01647,-0.02312
9941,-0.01205,-0.05836
9946,-0.04163,-0.13686
9948,0.01366,0.03251
9950,0.03326,0.00744
9955,-0.00439,0.04045
9956,0.02141,0.05455
9959,-0.03484,0.02425
9960,0.06234,0.05677
9962,-0.09278,0.11733
9969,-0.01231,-0.03805
9972,0.05971,0.08460
9973,-0.02006,-0.06314
9974,0.03251,0.07477
9976,-0.00222,-0.02089
9978,-0.06300,-0.00745
9979,0.07110,0.06721
9980,0.03054,0.04160
9982,0.01041,-0.05258
9983,-0.02100,0.03588
9984,-0.04122,0.00443
9986,0.01732,-0.05803
9987,0.03175,0.04476
9989,0.01654,-0.01966
9990,-0.08344,0.15737
9991,0.03124,0.07660
9993,-0.06173,-0.03517
9994,0.00872,-0.02843
9996,-0.00364,-0.03006
9997,0.00767,0.02673
